frame,time_seconds,rank,frequency_hz,magnitude_db
0,0.000000,1,0.000,-180.000
0,0.000000,2,375.000,-180.000
0,0.000000,3,398.438,-180.000
0,0.000000,4,421.875,-180.000
0,0.000000,5,445.312,-180.000
0,0.000000,6,468.750,-180.000
0,0.000000,7,492.188,-180.000
0,0.000000,8,515.625,-180.000
1,0.002000,1,0.000,-180.000
1,0.002000,2,375.000,-180.000
1,0.002000,3,398.438,-180.000
1,0.002000,4,421.875,-180.000
1,0.002000,5,445.312,-180.000
1,0.002000,6,468.750,-180.000
1,0.002000,7,492.188,-180.000
1,0.002000,8,515.625,-180.000
2,0.004000,1,0.000,-180.000
2,0.004000,2,375.000,-180.000
2,0.004000,3,398.438,-180.000
2,0.004000,4,421.875,-180.000
2,0.004000,5,445.312,-180.000
2,0.004000,6,468.750,-180.000
2,0.004000,7,492.188,-180.000
2,0.004000,8,515.625,-180.000
3,0.006000,1,0.000,-180.000
3,0.006000,2,375.000,-180.000
3,0.006000,3,398.438,-180.000
3,0.006000,4,421.875,-180.000
3,0.006000,5,445.312,-180.000
3,0.006000,6,468.750,-180.000
3,0.006000,7,492.188,-180.000
3,0.006000,8,515.625,-180.000
4,0.008000,1,0.000,-180.000
4,0.008000,2,375.000,-180.000
4,0.008000,3,398.438,-180.000
4,0.008000,4,421.875,-180.000
4,0.008000,5,445.312,-180.000
4,0.008000,6,468.750,-180.000
4,0.008000,7,492.188,-180.000
4,0.008000,8,515.625,-180.000
5,0.010000,1,0.000,-180.000
5,0.010000,2,375.000,-180.000
5,0.010000,3,398.438,-180.000
5,0.010000,4,421.875,-180.000
5,0.010000,5,445.312,-180.000
5,0.010000,6,468.750,-180.000
5,0.010000,7,492.188,-180.000
5,0.010000,8,515.625,-180.000
6,0.012000,1,0.000,-180.000
6,0.012000,2,375.000,-180.000
6,0.012000,3,398.438,-180.000
6,0.012000,4,421.875,-180.000
6,0.012000,5,445.312,-180.000
6,0.012000,6,468.750,-180.000
6,0.012000,7,492.188,-180.000
6,0.012000,8,515.625,-180.000
7,0.014000,1,0.000,-180.000
7,0.014000,2,375.000,-180.000
7,0.014000,3,398.438,-180.000
7,0.014000,4,421.875,-180.000
7,0.014000,5,445.312,-180.000
7,0.014000,6,468.750,-180.000
7,0.014000,7,492.188,-180.000
7,0.014000,8,515.625,-180.000
8,0.016000,1,0.000,-180.000
8,0.016000,2,375.000,-180.000
8,0.016000,3,398.438,-180.000
8,0.016000,4,421.875,-180.000
8,0.016000,5,445.312,-180.000
8,0.016000,6,468.750,-180.000
8,0.016000,7,492.188,-180.000
8,0.016000,8,515.625,-180.000
9,0.018000,1,0.000,-180.000
9,0.018000,2,375.000,-180.000
9,0.018000,3,398.438,-180.000
9,0.018000,4,421.875,-180.000
9,0.018000,5,445.312,-180.000
9,0.018000,6,468.750,-180.000
9,0.018000,7,492.188,-180.000
9,0.018000,8,515.625,-180.000
10,0.020000,1,0.000,-180.000
10,0.020000,2,375.000,-180.000
10,0.020000,3,398.438,-180.000
10,0.020000,4,421.875,-180.000
10,0.020000,5,445.312,-180.000
10,0.020000,6,468.750,-180.000
10,0.020000,7,492.188,-180.000
10,0.020000,8,515.625,-180.000
11,0.022000,1,0.000,-180.000
11,0.022000,2,375.000,-180.000
11,0.022000,3,398.438,-180.000
11,0.022000,4,421.875,-180.000
11,0.022000,5,445.312,-180.000
11,0.022000,6,468.750,-180.000
11,0.022000,7,492.188,-180.000
11,0.022000,8,515.625,-180.000
12,0.024000,1,0.000,-180.000
12,0.024000,2,375.000,-180.000
12,0.024000,3,398.438,-180.000
12,0.024000,4,421.875,-180.000
12,0.024000,5,445.312,-180.000
12,0.024000,6,468.750,-180.000
12,0.024000,7,492.188,-180.000
12,0.024000,8,515.625,-180.000
13,0.026000,1,0.000,-180.000
13,0.026000,2,375.000,-180.000
13,0.026000,3,398.438,-180.000
13,0.026000,4,421.875,-180.000
13,0.026000,5,445.312,-180.000
13,0.026000,6,468.750,-180.000
13,0.026000,7,492.188,-180.000
13,0.026000,8,515.625,-180.000
14,0.028000,1,0.000,-180.000
14,0.028000,2,375.000,-180.000
14,0.028000,3,398.438,-180.000
14,0.028000,4,421.875,-180.000
14,0.028000,5,445.312,-180.000
14,0.028000,6,468.750,-180.000
14,0.028000,7,492.188,-180.000
14,0.028000,8,515.625,-180.000
15,0.030000,1,0.000,-180.000
15,0.030000,2,375.000,-180.000
15,0.030000,3,398.438,-180.000
15,0.030000,4,421.875,-180.000
15,0.030000,5,445.312,-180.000
15,0.030000,6,468.750,-180.000
15,0.030000,7,492.188,-180.000
15,0.030000,8,515.625,-180.000
16,0.032000,1,0.000,-180.000
16,0.032000,2,375.000,-180.000
16,0.032000,3,398.438,-180.000
16,0.032000,4,421.875,-180.000
16,0.032000,5,445.312,-180.000
16,0.032000,6,468.750,-180.000
16,0.032000,7,492.188,-180.000
16,0.032000,8,515.625,-180.000
17,0.034000,1,0.000,-180.000
17,0.034000,2,375.000,-180.000
17,0.034000,3,398.438,-180.000
17,0.034000,4,421.875,-180.000
17,0.034000,5,445.312,-180.000
17,0.034000,6,468.750,-180.000
17,0.034000,7,492.188,-180.000
17,0.034000,8,515.625,-180.000
18,0.036000,1,0.000,-180.000
18,0.036000,2,375.000,-180.000
18,0.036000,3,398.438,-180.000
18,0.036000,4,421.875,-180.000
18,0.036000,5,445.312,-180.000
18,0.036000,6,468.750,-180.000
18,0.036000,7,492.188,-180.000
18,0.036000,8,515.625,-180.000
19,0.038000,1,2671.875,-93.519
19,0.038000,2,2695.312,-93.521
19,0.038000,3,2648.438,-93.521
19,0.038000,4,2718.750,-93.525
19,0.038000,5,2625.000,-93.526
19,0.038000,6,2742.188,-93.533
19,0.038000,7,2601.562,-93.534
19,0.038000,8,2765.625,-93.543
20,0.040000,1,2671.875,-44.980
20,0.040000,2,2695.312,-45.000
20,0.040000,3,2648.438,-45.012
20,0.040000,4,2718.750,-45.071
20,0.040000,5,2625.000,-45.095
20,0.040000,6,2742.188,-45.194
20,0.040000,7,2601.562,-45.229
20,0.040000,8,2765.625,-45.369
21,0.042000,1,2718.750,-26.573
21,0.042000,2,2742.188,-26.636
21,0.042000,3,2695.312,-26.652
21,0.042000,4,2765.625,-26.846
21,0.042000,5,2671.875,-26.869
21,0.042000,6,2789.062,-27.208
21,0.042000,7,2648.438,-27.221
21,0.042000,8,2625.000,-27.706
22,0.044000,1,2765.625,-16.128
22,0.044000,2,2742.188,-16.200
22,0.044000,3,2789.062,-16.279
22,0.044000,4,2718.750,-16.475
22,0.044000,5,2812.500,-16.670
22,0.044000,6,2695.312,-16.936
22,0.044000,7,2835.938,-17.325
22,0.044000,8,2671.875,-17.564
23,0.046000,1,2789.062,-9.416
23,0.046000,2,2765.625,-9.504
23,0.046000,3,2812.500,-9.591
23,0.046000,4,2742.188,-9.827
23,0.046000,5,2835.938,-10.056
23,0.046000,6,2718.750,-10.357
23,0.046000,7,2859.375,-10.839
23,0.046000,8,2695.312,-11.062
24,0.048000,1,2789.062,-4.708
24,0.048000,2,2812.500,-4.741
24,0.048000,3,2765.625,-4.948
24,0.048000,4,2835.938,-5.073
24,0.048000,5,2742.188,-5.433
24,0.048000,6,2859.375,-5.726
24,0.048000,7,2718.750,-6.125
24,0.048000,8,2882.812,-6.723
25,0.050000,1,2812.500,-1.221
25,0.050000,2,2789.062,-1.283
25,0.050000,3,2835.938,-1.462
25,0.050000,4,2765.625,-1.626
25,0.050000,5,2859.375,-2.024
25,0.050000,6,2742.188,-2.220
25,0.050000,7,2882.812,-2.923
25,0.050000,8,2718.750,-3.027
26,0.052000,1,2812.500,1.402
26,0.052000,2,2789.062,1.270
26,0.052000,3,2835.938,1.227
26,0.052000,4,2765.625,0.852
26,0.052000,5,2859.375,0.732
26,0.052000,6,2742.188,0.176
26,0.052000,7,2882.812,-0.093
26,0.052000,8,2718.750,-0.717
27,0.054000,1,2812.500,3.337
27,0.054000,2,2835.938,3.246
27,0.054000,3,2789.062,3.168
27,0.054000,4,2859.375,2.810
27,0.054000,5,2765.625,2.715
27,0.054000,6,2882.812,2.005
27,0.054000,7,2742.188,1.944
27,0.054000,8,2718.750,0.971
28,0.056000,1,2835.938,4.692
28,0.056000,2,2812.500,4.660
28,0.056000,3,2789.062,4.604
28,0.056000,4,2859.375,4.454
28,0.056000,5,2765.625,4.088
28,0.056000,6,2882.812,3.511
28,0.056000,7,2742.188,3.135
28,0.056000,8,2906.250,2.365
29,0.058000,1,2859.375,5.690
29,0.058000,2,2789.062,5.634
29,0.058000,3,2835.938,5.604
29,0.058000,4,2812.500,5.525
29,0.058000,5,2765.625,5.004
29,0.058000,6,2882.812,4.641
29,0.058000,7,2742.188,3.866
29,0.058000,8,2906.250,3.131
30,0.060000,1,2859.375,6.542
30,0.060000,2,2789.062,6.292
30,0.060000,3,2835.938,6.070
30,0.060000,4,2812.500,5.968
30,0.060000,5,2765.625,5.517
30,0.060000,6,2882.812,5.413
30,0.060000,7,2742.188,4.175
30,0.060000,8,2929.688,3.648
31,0.062000,1,2859.375,7.044
31,0.062000,2,2789.062,6.599
31,0.062000,3,2835.938,6.114
31,0.062000,4,2812.500,6.018
31,0.062000,5,2882.812,5.853
31,0.062000,6,2765.625,5.649
31,0.062000,7,2953.125,4.438
31,0.062000,8,2929.688,4.127
32,0.064000,1,2859.375,7.209
32,0.064000,2,2789.062,6.565
32,0.064000,3,2882.812,5.978
32,0.064000,4,2835.938,5.741
32,0.064000,5,2812.500,5.680
32,0.064000,6,2765.625,5.410
32,0.064000,7,2953.125,5.292
32,0.064000,8,2929.688,4.251
33,0.066000,1,2859.375,7.042
33,0.066000,2,2789.062,6.193
33,0.066000,3,2953.125,5.833
33,0.066000,4,2882.812,5.800
33,0.066000,5,2835.938,4.938
33,0.066000,6,2812.500,4.936
33,0.066000,7,2765.625,4.788
33,0.066000,8,3046.875,4.673
34,0.068000,1,2859.375,6.520
34,0.068000,2,2953.125,6.112
34,0.068000,3,3046.875,5.863
34,0.068000,4,2789.062,5.513
34,0.068000,5,3117.188,5.351
34,0.068000,6,2882.812,5.346
34,0.068000,7,3023.438,5.161
34,0.068000,8,2765.625,3.730
35,0.070000,1,3046.875,6.725
35,0.070000,2,3117.188,6.413
35,0.070000,3,2953.125,6.230
35,0.070000,4,3023.438,5.767
35,0.070000,5,2859.375,5.562
35,0.070000,6,2882.812,4.693
35,0.070000,7,2789.062,4.533
35,0.070000,8,3140.625,4.329
36,0.072000,1,3046.875,7.215
36,0.072000,2,3117.188,7.099
36,0.072000,3,2953.125,6.240
36,0.072000,4,3023.438,6.213
36,0.072000,5,3140.625,5.439
36,0.072000,6,3093.750,5.276
36,0.072000,7,3070.312,4.174
36,0.072000,8,2859.375,4.058
37,0.074000,1,3117.188,7.444
37,0.074000,2,3046.875,7.357
37,0.074000,3,3023.438,6.455
37,0.074000,4,3140.625,6.152
37,0.074000,5,2953.125,6.142
37,0.074000,6,3093.750,5.962
37,0.074000,7,3070.312,5.153
37,0.074000,8,3164.062,4.305
38,0.076000,1,3117.188,7.460
38,0.076000,2,3046.875,7.153
38,0.076000,3,3140.625,6.488
38,0.076000,4,3023.438,6.470
38,0.076000,5,3093.750,6.263
38,0.076000,6,2953.125,5.943
38,0.076000,7,3070.312,5.668
38,0.076000,8,3164.062,4.837
39,0.078000,1,3117.188,7.148
39,0.078000,2,3046.875,6.591
39,0.078000,3,3140.625,6.456
39,0.078000,4,3023.438,6.239
39,0.078000,5,3093.750,6.182
39,0.078000,6,3070.312,5.748
39,0.078000,7,2953.125,5.661
39,0.078000,8,3164.062,4.947
40,0.080000,1,3117.188,6.501
40,0.080000,2,3140.625,6.049
40,0.080000,3,3023.438,5.744
40,0.080000,4,3093.750,5.709
40,0.080000,5,3046.875,5.650
40,0.080000,6,3070.312,5.392
40,0.080000,7,2953.125,5.317
40,0.080000,8,3164.062,4.643
41,0.082000,1,3117.188,5.540
41,0.082000,2,3140.625,5.214
41,0.082000,3,2882.812,5.018
41,0.082000,4,2953.125,4.955
41,0.082000,5,3023.438,4.934
41,0.082000,6,3093.750,4.776
41,0.082000,7,3070.312,4.599
41,0.082000,8,3046.875,4.296
42,0.084000,1,2882.812,5.566
42,0.084000,2,2953.125,4.650
42,0.084000,3,3117.188,4.278
42,0.084000,4,3140.625,3.913
42,0.084000,5,3023.438,3.786
42,0.084000,6,3070.312,3.410
42,0.084000,7,3093.750,3.233
42,0.084000,8,2812.500,3.083
43,0.086000,1,2882.812,5.914
43,0.086000,2,2953.125,4.325
43,0.086000,3,2812.500,3.601
43,0.086000,4,2859.375,3.511
43,0.086000,5,2929.688,3.274
43,0.086000,6,2906.250,3.037
43,0.086000,7,3117.188,2.632
43,0.086000,8,2835.938,2.616
44,0.088000,1,2882.812,5.977
44,0.088000,2,2906.250,4.754
44,0.088000,3,2953.125,3.877
44,0.088000,4,2835.938,3.770
44,0.088000,5,2812.500,3.749
44,0.088000,6,2859.375,3.450
44,0.088000,7,2929.688,2.889
44,0.088000,8,3117.188,0.445
45,0.090000,1,2906.250,6.085
45,0.090000,2,2882.812,5.785
45,0.090000,3,2835.938,4.598
45,0.090000,4,2812.500,3.577
45,0.090000,5,2953.125,3.349
45,0.090000,6,2859.375,2.842
45,0.090000,7,2929.688,1.925
45,0.090000,8,2976.562,1.505
46,0.092000,1,2906.250,7.038
46,0.092000,2,2882.812,5.398
46,0.092000,3,2835.938,5.104
46,0.092000,4,2976.562,3.655
46,0.092000,5,2812.500,3.110
46,0.092000,6,2953.125,2.879
46,0.092000,7,2859.375,1.630
46,0.092000,8,2929.688,0.453
47,0.094000,1,2906.250,7.626
47,0.094000,2,2835.938,5.291
47,0.094000,3,2976.562,5.052
47,0.094000,4,2882.812,4.901
47,0.094000,5,2953.125,2.646
47,0.094000,6,2812.500,2.375
47,0.094000,7,2859.375,-0.247
47,0.094000,8,2929.688,-1.033
48,0.096000,1,2906.250,7.845
48,0.096000,2,2976.562,5.864
48,0.096000,3,2835.938,5.129
48,0.096000,4,2882.812,4.432
48,0.096000,5,2953.125,2.773
48,0.096000,6,2812.500,1.456
48,0.096000,7,3000.000,-1.032
48,0.096000,8,2929.688,-1.231
49,0.098000,1,2906.250,7.761
49,0.098000,2,2976.562,6.300
49,0.098000,3,2835.938,4.610
49,0.098000,4,2882.812,4.066
49,0.098000,5,2953.125,3.160
49,0.098000,6,2812.500,0.408
49,0.098000,7,3000.000,0.180
49,0.098000,8,2929.688,-0.036
50,0.100000,1,2906.250,7.574
50,0.100000,2,2976.562,6.639
50,0.100000,3,2835.938,3.921
50,0.100000,4,2882.812,3.717
50,0.100000,5,2953.125,3.535
50,0.100000,6,2929.688,1.039
50,0.100000,7,3000.000,0.790
50,0.100000,8,3046.875,0.522
51,0.102000,1,2906.250,7.330
51,0.102000,2,2976.562,6.982
51,0.102000,3,2953.125,3.798
51,0.102000,4,2882.812,3.422
51,0.102000,5,2835.938,3.074
51,0.102000,6,3046.875,1.703
51,0.102000,7,2929.688,1.603
51,0.102000,8,3000.000,0.662
52,0.104000,1,2976.562,7.289
52,0.104000,2,2906.250,7.037
52,0.104000,3,2953.125,3.989
52,0.104000,4,2882.812,3.169
52,0.104000,5,3046.875,2.785
52,0.104000,6,2835.938,2.111
52,0.104000,7,2929.688,1.609
52,0.104000,8,3023.438,0.077
53,0.106000,1,2976.562,7.533
53,0.106000,2,2906.250,6.706
53,0.106000,3,2953.125,4.105
53,0.106000,4,3046.875,3.710
53,0.106000,5,2882.812,2.875
53,0.106000,6,2835.938,1.100
53,0.106000,7,2929.688,1.039
53,0.106000,8,3023.438,0.713
54,0.108000,1,2976.562,7.690
54,0.108000,2,2906.250,6.354
54,0.108000,3,3046.875,4.442
54,0.108000,4,2953.125,4.121
54,0.108000,5,2882.812,2.412
54,0.108000,6,3023.438,1.414
54,0.108000,7,2835.938,0.141
54,0.108000,8,2929.688,-0.101
55,0.110000,1,2976.562,7.750
55,0.110000,2,2906.250,5.964
55,0.110000,3,3046.875,5.011
55,0.110000,4,2953.125,3.995
55,0.110000,5,3023.438,2.057
55,0.110000,6,2882.812,1.689
55,0.110000,7,2835.938,-0.692
55,0.110000,8,3000.000,-1.072
56,0.112000,1,2976.562,7.745
56,0.112000,2,3046.875,5.521
56,0.112000,3,2906.250,5.497
56,0.112000,4,2953.125,3.708
56,0.112000,5,3023.438,2.507
56,0.112000,6,2882.812,0.674
56,0.112000,7,3000.000,0.181
56,0.112000,8,3070.312,-0.352
57,0.114000,1,2976.562,7.682
57,0.114000,2,3046.875,5.989
57,0.114000,3,2906.250,4.947
57,0.114000,4,2953.125,3.359
57,0.114000,5,3023.438,2.767
57,0.114000,6,3000.000,1.303
57,0.114000,7,3070.312,0.522
57,0.114000,8,2882.812,-0.531
58,0.116000,1,2976.562,7.551
58,0.116000,2,3046.875,6.434
58,0.116000,3,2906.250,4.260
58,0.116000,4,2953.125,3.016
58,0.116000,5,3023.438,2.761
58,0.116000,6,3000.000,2.096
58,0.116000,7,3070.312,0.904
58,0.116000,8,3117.188,0.514
59,0.118000,1,2976.562,7.353
59,0.118000,2,3046.875,6.832
59,0.118000,3,2906.250,3.449
59,0.118000,4,2953.125,2.620
59,0.118000,5,3000.000,2.541
59,0.118000,6,3023.438,2.492
59,0.118000,7,3117.188,1.703
59,0.118000,8,3070.312,1.003
60,0.120000,1,3046.875,7.150
60,0.120000,2,2976.562,7.098
60,0.120000,3,3117.188,2.717
60,0.120000,4,3000.000,2.664
60,0.120000,5,2906.250,2.568
60,0.120000,6,2953.125,2.062
60,0.120000,7,3023.438,2.013
60,0.120000,8,3070.312,1.090
61,0.122000,1,3046.875,7.369
61,0.122000,2,2976.562,6.803
61,0.122000,3,3117.188,3.520
61,0.122000,4,3000.000,2.518
61,0.122000,5,2906.250,1.702
61,0.122000,6,3070.312,1.421
61,0.122000,7,3023.438,1.400
61,0.122000,8,2953.125,1.204
62,0.124000,1,3046.875,7.487
62,0.124000,2,2976.562,6.481
62,0.124000,3,3117.188,4.118
62,0.124000,4,3000.000,2.208
62,0.124000,5,3070.312,2.063
62,0.124000,6,2906.250,0.936
62,0.124000,7,3023.438,0.760
62,0.124000,8,2929.688,-0.037
63,0.126000,1,3046.875,7.480
63,0.126000,2,2976.562,6.093
63,0.126000,3,3117.188,4.514
63,0.126000,4,3070.312,2.852
63,0.126000,5,3000.000,1.935
63,0.126000,6,3023.438,0.352
63,0.126000,7,2906.250,0.242
63,0.126000,8,3140.625,0.167
64,0.128000,1,3046.875,7.266
64,0.128000,2,2976.562,5.549
64,0.128000,3,3117.188,4.623
64,0.128000,4,3070.312,3.619
64,0.128000,5,3000.000,1.883
64,0.128000,6,3093.750,1.261
64,0.128000,7,3140.625,1.164
64,0.128000,8,3023.438,0.607
65,0.130000,1,3046.875,6.810
65,0.130000,2,2976.562,4.785
65,0.130000,3,3117.188,4.458
65,0.130000,4,3070.312,4.202
65,0.130000,5,3093.750,2.264
65,0.130000,6,3000.000,2.042
65,0.130000,7,3140.625,1.768
65,0.130000,8,3023.438,1.378
66,0.132000,1,3046.875,6.121
66,0.132000,2,3070.312,4.482
66,0.132000,3,3117.188,4.029
66,0.132000,4,2976.562,3.803
66,0.132000,5,3093.750,2.880
66,0.132000,6,3000.000,2.224
66,0.132000,7,3023.438,2.151
66,0.132000,8,3140.625,1.953
67,0.134000,1,3046.875,5.209
67,0.134000,2,3070.312,4.385
67,0.134000,3,3117.188,3.336
67,0.134000,4,3093.750,3.073
67,0.134000,5,2976.562,2.630
67,0.134000,6,3023.438,2.600
67,0.134000,7,3000.000,2.227
67,0.134000,8,3140.625,1.708
68,0.136000,1,3046.875,4.097
68,0.136000,2,3070.312,3.848
68,0.136000,3,3093.750,2.819
68,0.136000,4,3023.438,2.571
68,0.136000,5,3117.188,2.379
68,0.136000,6,3000.000,1.902
68,0.136000,7,2976.562,1.315
68,0.136000,8,3140.625,0.997
69,0.138000,1,3070.312,2.814
69,0.138000,2,3046.875,2.810
69,0.138000,3,3093.750,2.070
69,0.138000,4,3023.438,1.974
69,0.138000,5,3117.188,1.167
69,0.138000,6,3000.000,1.128
69,0.138000,7,2976.562,-0.078
69,0.138000,8,3140.625,-0.231
70,0.140000,1,3070.312,1.286
70,0.140000,2,3046.875,1.282
70,0.140000,3,3023.438,0.759
70,0.140000,4,3093.750,0.717
70,0.140000,5,3000.000,-0.166
70,0.140000,6,3117.188,-0.349
70,0.140000,7,2976.562,-1.570
70,0.140000,8,3140.625,-1.935
71,0.142000,1,3046.875,-0.675
71,0.142000,2,3070.312,-0.732
71,0.142000,3,3023.438,-1.101
71,0.142000,4,3093.750,-1.293
71,0.142000,5,3000.000,-1.998
71,0.142000,6,3117.188,-2.389
71,0.142000,7,2976.562,-3.353
71,0.142000,8,3140.625,-4.077
72,0.144000,1,3046.875,-3.281
72,0.144000,2,3070.312,-3.392
72,0.144000,3,3023.438,-3.637
72,0.144000,4,3093.750,-3.995
72,0.144000,5,3000.000,-4.445
72,0.144000,6,3117.188,-5.133
72,0.144000,7,2976.562,-5.687
72,0.144000,8,3140.625,-6.871
73,0.146000,1,3046.875,-6.768
73,0.146000,2,3070.312,-6.945
73,0.146000,3,3023.438,-7.017
73,0.146000,4,3093.750,-7.590
73,0.146000,5,3000.000,-7.698
73,0.146000,6,3117.188,-8.780
73,0.146000,7,2976.562,-8.795
73,0.146000,8,2953.125,-10.233
74,0.148000,1,3046.875,-11.542
74,0.148000,2,3023.438,-11.609
74,0.148000,3,3070.312,-11.794
74,0.148000,4,3000.000,-12.095
74,0.148000,5,3093.750,-12.461
74,0.148000,6,2976.562,-13.006
74,0.148000,7,3117.188,-13.716
74,0.148000,8,2953.125,-14.171
75,0.150000,1,4218.750,-13.124
75,0.150000,2,4195.312,-13.181
75,0.150000,3,4242.188,-13.253
75,0.150000,4,4171.875,-13.348
75,0.150000,5,4265.625,-13.650
75,0.150000,6,4148.438,-13.698
75,0.150000,7,4125.000,-14.218
75,0.150000,8,4289.062,-14.266
76,0.152000,1,4242.188,-7.751
76,0.152000,2,4218.750,-7.800
76,0.152000,3,4265.625,-7.917
76,0.152000,4,4195.312,-8.019
76,0.152000,5,4289.062,-8.302
76,0.152000,6,4171.875,-8.362
76,0.152000,7,4148.438,-8.832
76,0.152000,8,4312.500,-8.918
77,0.154000,1,4242.188,-3.850
77,0.154000,2,4265.625,-3.874
77,0.154000,3,4218.750,-4.020
77,0.154000,4,4289.062,-4.113
77,0.154000,5,4195.312,-4.347
77,0.154000,6,4312.500,-4.585
77,0.154000,7,4171.875,-4.794
77,0.154000,8,4335.938,-5.298
78,0.156000,1,4265.625,-0.897
78,0.156000,2,4242.188,-0.970
78,0.156000,3,4289.062,-1.036
78,0.156000,4,4218.750,-1.229
78,0.156000,5,4312.500,-1.405
78,0.156000,6,4195.312,-1.636
78,0.156000,7,4335.938,-2.005
78,0.156000,8,4171.875,-2.153
79,0.158000,1,4265.625,1.326
79,0.158000,2,4289.062,1.257
79,0.158000,3,4242.188,1.178
79,0.158000,4,4312.500,0.966
79,0.158000,5,4218.750,0.844
79,0.158000,6,4335.938,0.455
79,0.158000,7,4195.312,0.377
79,0.158000,8,4171.875,-0.190
80,0.160000,1,4265.625,3.002
80,0.160000,2,4289.062,2.963
80,0.160000,3,4242.188,2.726
80,0.160000,4,4312.500,2.666
80,0.160000,5,4218.750,2.338
80,0.160000,6,4335.938,2.289
80,0.160000,7,4195.312,1.873
80,0.160000,8,4359.375,1.699
81,0.162000,1,4289.062,4.217
81,0.162000,2,4265.625,4.190
81,0.162000,3,4312.500,3.840
81,0.162000,4,4242.188,3.769
81,0.162000,5,4335.938,3.548
81,0.162000,6,4218.750,3.372
81,0.162000,7,4359.375,3.202
81,0.162000,8,4195.312,2.919
82,0.164000,1,4289.062,5.061
82,0.164000,2,4265.625,4.956
82,0.164000,3,4312.500,4.566
82,0.164000,4,4242.188,4.374
82,0.164000,5,4335.938,4.338
82,0.164000,6,4359.375,4.275
82,0.164000,7,4218.750,3.991
82,0.164000,8,4195.312,3.565
83,0.166000,1,4289.062,5.528
83,0.166000,2,4265.625,5.337
83,0.166000,3,4359.375,4.956
83,0.166000,4,4312.500,4.883
83,0.166000,5,4335.938,4.706
83,0.166000,6,4242.188,4.572
83,0.166000,7,4218.750,4.228
83,0.166000,8,4382.812,3.998
84,0.168000,1,4289.062,5.638
84,0.168000,2,4265.625,5.348
84,0.168000,3,4359.375,5.271
84,0.168000,4,4312.500,4.805
84,0.168000,5,4335.938,4.675
84,0.168000,6,4242.188,4.372
84,0.168000,7,4382.812,4.347
84,0.168000,8,4218.750,4.091
85,0.170000,1,4289.062,5.393
85,0.170000,2,4359.375,5.231
85,0.170000,3,4265.625,4.990
85,0.170000,4,4382.812,4.365
85,0.170000,5,4312.500,4.331
85,0.170000,6,4335.938,4.243
85,0.170000,7,4453.125,4.093
85,0.170000,8,4242.188,3.766
86,0.172000,1,4359.375,4.834
86,0.172000,2,4289.062,4.789
86,0.172000,3,4265.625,4.250
86,0.172000,4,4453.125,4.227
86,0.172000,5,4382.812,4.056
86,0.172000,6,4546.875,3.849
86,0.172000,7,4640.625,3.731
86,0.172000,8,4312.500,3.435
87,0.174000,1,4640.625,4.795
87,0.174000,2,4710.938,4.350
87,0.174000,3,4546.875,4.238
87,0.174000,4,4453.125,4.104
87,0.174000,5,4359.375,4.015
87,0.174000,6,4734.375,3.855
87,0.174000,7,4289.062,3.806
87,0.174000,8,4382.812,3.458
88,0.176000,1,4640.625,5.480
88,0.176000,2,4710.938,5.375
88,0.176000,3,4734.375,4.975
88,0.176000,4,4546.875,4.227
88,0.176000,5,4664.062,4.033
88,0.176000,6,4617.188,3.904
88,0.176000,7,4453.125,3.872
88,0.176000,8,4687.500,3.614
89,0.178000,1,4710.938,6.013
89,0.178000,2,4640.625,5.806
89,0.178000,3,4734.375,5.694
89,0.178000,4,4664.062,4.910
89,0.178000,5,4687.500,4.701
89,0.178000,6,4617.188,4.288
89,0.178000,7,4757.812,4.171
89,0.178000,8,4781.250,3.840
90,0.180000,1,4710.938,6.295
90,0.180000,2,4734.375,6.034
90,0.180000,3,4640.625,5.776
90,0.180000,4,4664.062,5.384
90,0.180000,5,4687.500,5.335
90,0.180000,6,4757.812,4.850
90,0.180000,7,4781.250,4.445
90,0.180000,8,4617.188,4.356
91,0.182000,1,4710.938,6.228
91,0.182000,2,4734.375,6.006
91,0.182000,3,4687.500,5.556
91,0.182000,4,4664.062,5.466
91,0.182000,5,4640.625,5.398
91,0.182000,6,4757.812,5.122
91,0.182000,7,4781.250,4.663
91,0.182000,8,4804.688,4.119
92,0.184000,1,4710.938,5.811
92,0.184000,2,4734.375,5.606
92,0.184000,3,4687.500,5.373
92,0.184000,4,4664.062,5.158
92,0.184000,5,4757.812,5.000
92,0.184000,6,4640.625,4.661
92,0.184000,7,4781.250,4.503
92,0.184000,8,4804.688,3.883
93,0.186000,1,4710.938,5.029
93,0.186000,2,4734.375,4.815
93,0.186000,3,4687.500,4.776
93,0.186000,4,4757.812,4.477
93,0.186000,5,4664.062,4.443
93,0.186000,6,4382.812,4.106
93,0.186000,7,4781.250,3.960
93,0.186000,8,4640.625,3.543
94,0.188000,1,4382.812,5.135
94,0.188000,2,4710.938,3.883
94,0.188000,3,4687.500,3.691
94,0.188000,4,4734.375,3.586
94,0.188000,5,4757.812,3.518
94,0.188000,6,4664.062,3.316
94,0.188000,7,4429.688,3.208
94,0.188000,8,4781.250,3.026
95,0.190000,1,4382.812,6.152
95,0.190000,2,4359.375,4.717
95,0.190000,3,4429.688,4.233
95,0.190000,4,4335.938,4.087
95,0.190000,5,4453.125,3.557
95,0.190000,6,4406.250,3.345
95,0.190000,7,4312.500,3.206
95,0.190000,8,4710.938,2.298
96,0.192000,1,4382.812,7.018
96,0.192000,2,4359.375,5.688
96,0.192000,3,4335.938,4.881
96,0.192000,4,4406.250,4.575
96,0.192000,5,4429.688,4.554
96,0.192000,6,4453.125,4.335
96,0.192000,7,4312.500,4.085
96,0.192000,8,4289.062,1.003
97,0.194000,1,4382.812,7.660
97,0.194000,2,4359.375,6.068
97,0.194000,3,4406.250,5.463
97,0.194000,4,4335.938,5.392
97,0.194000,5,4453.125,5.183
97,0.194000,6,4312.500,4.602
97,0.194000,7,4429.688,4.192
97,0.194000,8,4289.062,1.688
98,0.196000,1,4382.812,8.068
98,0.196000,2,4406.250,6.086
98,0.196000,3,4453.125,5.999
98,0.196000,4,4359.375,5.892
98,0.196000,5,4335.938,5.634
98,0.196000,6,4312.500,4.767
98,0.196000,7,4429.688,3.078
98,0.196000,8,4476.562,1.968
99,0.198000,1,4382.812,8.247
99,0.198000,2,4453.125,6.717
99,0.198000,3,4406.250,6.482
99,0.198000,4,4335.938,5.611
99,0.198000,5,4359.375,5.134
99,0.198000,6,4312.500,4.591
99,0.198000,7,4476.562,3.495
99,0.198000,8,4289.062,1.676
100,0.200000,1,4382.812,8.208
100,0.200000,2,4453.125,7.304
100,0.200000,3,4406.250,6.676
100,0.200000,4,4335.938,5.323
100,0.200000,5,4476.562,4.742
100,0.200000,6,4312.500,4.079
100,0.200000,7,4359.375,3.700
100,0.200000,8,4523.438,1.805
101,0.202000,1,4382.812,7.955
101,0.202000,2,4453.125,7.744
101,0.202000,3,4406.250,6.700
101,0.202000,4,4476.562,5.739
101,0.202000,5,4335.938,4.759
101,0.202000,6,4312.500,3.231
101,0.202000,7,4523.438,3.135
101,0.202000,8,4359.375,1.386
102,0.204000,1,4453.125,8.003
102,0.204000,2,4382.812,7.482
102,0.204000,3,4406.250,6.594
102,0.204000,4,4476.562,6.522
102,0.204000,5,4523.438,4.151
102,0.204000,6,4335.938,3.907
102,0.204000,7,4546.875,2.120
102,0.204000,8,4312.500,2.048
103,0.206000,1,4453.125,8.065
103,0.206000,2,4476.562,7.116
103,0.206000,3,4382.812,6.777
103,0.206000,4,4406.250,6.415
103,0.206000,5,4523.438,4.892
103,0.206000,6,4546.875,3.296
103,0.206000,7,4500.000,2.869
103,0.206000,8,4335.938,2.820
104,0.208000,1,4453.125,7.876
104,0.208000,2,4476.562,7.598
104,0.208000,3,4406.250,6.244
104,0.208000,4,4382.812,5.806
104,0.208000,5,4523.438,5.378
104,0.208000,6,4546.875,4.373
104,0.208000,7,4500.000,3.403
104,0.208000,8,4335.938,1.630
105,0.210000,1,4476.562,7.953
105,0.210000,2,4453.125,7.447
105,0.210000,3,4406.250,6.055
105,0.210000,4,4523.438,5.666
105,0.210000,5,4546.875,5.353
105,0.210000,6,4382.812,4.592
105,0.210000,7,4500.000,3.145
105,0.210000,8,4429.688,2.646
106,0.212000,1,4476.562,8.145
106,0.212000,2,4453.125,6.818
106,0.212000,3,4546.875,6.204
106,0.212000,4,4523.438,5.823
106,0.212000,5,4406.250,5.789
106,0.212000,6,4429.688,3.300
106,0.212000,7,4382.812,3.171
106,0.212000,8,4500.000,2.084
107,0.214000,1,4476.562,8.142
107,0.214000,2,4546.875,6.894
107,0.214000,3,4453.125,6.039
107,0.214000,4,4523.438,5.914
107,0.214000,5,4406.250,5.394
107,0.214000,6,4429.688,3.157
107,0.214000,7,4593.750,2.953
107,0.214000,8,4382.812,1.590
108,0.216000,1,4476.562,7.946
108,0.216000,2,4546.875,7.386
108,0.216000,3,4523.438,5.978
108,0.216000,4,4453.125,5.136
108,0.216000,5,4406.250,4.844
108,0.216000,6,4593.750,3.956
108,0.216000,7,4617.188,2.915
108,0.216000,8,4429.688,2.246
109,0.218000,1,4546.875,7.662
109,0.218000,2,4476.562,7.579
109,0.218000,3,4523.438,5.989
109,0.218000,4,4593.750,4.792
109,0.218000,5,4406.250,4.141
109,0.218000,6,4453.125,4.077
109,0.218000,7,4617.188,3.851
109,0.218000,8,4664.062,1.170
110,0.220000,1,4546.875,7.778
110,0.220000,2,4476.562,7.080
110,0.220000,3,4523.438,5.898
110,0.220000,4,4593.750,5.468
110,0.220000,5,4617.188,4.523
110,0.220000,6,4406.250,3.270
110,0.220000,7,4570.312,2.827
110,0.220000,8,4453.125,2.796
111,0.222000,1,4546.875,7.773
111,0.222000,2,4476.562,6.490
111,0.222000,3,4593.750,6.008
111,0.222000,4,4523.438,5.736
111,0.222000,5,4617.188,5.016
111,0.222000,6,4570.312,3.971
111,0.222000,7,4664.062,2.932
111,0.222000,8,4406.250,2.263
112,0.224000,1,4546.875,7.668
112,0.224000,2,4593.750,6.411
112,0.224000,3,4476.562,5.840
112,0.224000,4,4523.438,5.520
112,0.224000,5,4617.188,5.405
112,0.224000,6,4570.312,4.228
112,0.224000,7,4664.062,3.830
112,0.224000,8,4500.000,1.182
113,0.226000,1,4546.875,7.465
113,0.226000,2,4593.750,6.690
113,0.226000,3,4617.188,5.722
113,0.226000,4,4523.438,5.257
113,0.226000,5,4476.562,5.172
113,0.226000,6,4664.062,4.662
113,0.226000,7,4570.312,3.652
113,0.226000,8,4500.000,1.910
114,0.228000,1,4546.875,7.159
114,0.228000,2,4593.750,6.849
114,0.228000,3,4617.188,5.974
114,0.228000,4,4664.062,5.381
114,0.228000,5,4523.438,4.922
114,0.228000,6,4476.562,4.540
114,0.228000,7,4570.312,2.119
114,0.228000,8,4734.375,2.094
115,0.230000,1,4593.750,6.870
115,0.230000,2,4546.875,6.754
115,0.230000,3,4617.188,6.159
115,0.230000,4,4664.062,5.952
115,0.230000,5,4523.438,4.442
115,0.230000,6,4476.562,3.985
115,0.230000,7,4734.375,2.917
115,0.230000,8,4687.500,2.775
116,0.232000,1,4593.750,6.671
116,0.232000,2,4617.188,6.317
116,0.232000,3,4664.062,6.292
116,0.232000,4,4546.875,6.270
116,0.232000,5,4687.500,3.914
116,0.232000,6,4523.438,3.710
116,0.232000,7,4476.562,3.463
116,0.232000,8,4734.375,3.444
117,0.234000,1,4617.188,6.420
117,0.234000,2,4664.062,6.397
117,0.234000,3,4593.750,6.246
117,0.234000,4,4546.875,5.687
117,0.234000,5,4687.500,4.785
117,0.234000,6,4734.375,3.701
117,0.234000,7,4476.562,2.861
117,0.234000,8,4523.438,2.722
118,0.236000,1,4617.188,6.371
118,0.236000,2,4664.062,6.307
118,0.236000,3,4593.750,5.703
118,0.236000,4,4687.500,5.299
118,0.236000,5,4546.875,4.938
118,0.236000,6,4734.375,3.683
118,0.236000,7,4710.938,3.369
118,0.236000,8,4640.625,2.092
119,0.238000,1,4617.188,6.131
119,0.238000,2,4664.062,6.001
119,0.238000,3,4687.500,5.452
119,0.238000,4,4593.750,5.077
119,0.238000,5,4546.875,4.022
119,0.238000,6,4710.938,3.797
119,0.238000,7,4640.625,3.614
119,0.238000,8,4734.375,3.387
120,0.240000,1,4617.188,5.657
120,0.240000,2,4664.062,5.480
120,0.240000,3,4687.500,5.223
120,0.240000,4,4593.750,4.382
120,0.240000,5,4640.625,4.368
120,0.240000,6,4710.938,3.787
120,0.240000,7,4546.875,2.972
120,0.240000,8,4734.375,2.809
121,0.242000,1,4617.188,4.911
121,0.242000,2,4664.062,4.748
121,0.242000,3,4687.500,4.578
121,0.242000,4,4640.625,4.461
121,0.242000,5,4593.750,3.610
121,0.242000,6,4710.938,3.336
121,0.242000,7,4734.375,1.945
121,0.242000,8,4546.875,1.834
122,0.244000,1,4640.625,3.916
122,0.244000,2,4617.188,3.850
122,0.244000,3,4664.062,3.797
122,0.244000,4,4687.500,3.480
122,0.244000,5,4593.750,2.724
122,0.244000,6,4710.938,2.405
122,0.244000,7,4570.312,1.285
122,0.244000,8,4734.375,0.791
123,0.246000,1,4640.625,2.732
123,0.246000,2,4664.062,2.526
123,0.246000,3,4617.188,2.455
123,0.246000,4,4687.500,1.958
123,0.246000,5,4593.750,1.607
123,0.246000,6,4710.938,0.894
123,0.246000,7,4570.312,0.523
123,0.246000,8,4546.875,-0.621
124,0.248000,1,4640.625,0.937
124,0.248000,2,4664.062,0.713
124,0.248000,3,4617.188,0.696
124,0.248000,4,4593.750,0.044
124,0.248000,5,4687.500,0.005
124,0.248000,6,4570.312,-0.932
124,0.248000,7,4710.938,-1.198
124,0.248000,8,4546.875,-2.138
125,0.250000,1,4640.625,-1.465
125,0.250000,2,4617.188,-1.600
125,0.250000,3,4664.062,-1.787
125,0.250000,4,4593.750,-2.135
125,0.250000,5,4687.500,-2.594
125,0.250000,6,4570.312,-2.993
125,0.250000,7,4710.938,-3.916
125,0.250000,8,4546.875,-4.097
126,0.252000,1,4640.625,-4.662
126,0.252000,2,4617.188,-4.662
126,0.252000,3,4593.750,-5.061
126,0.252000,4,4664.062,-5.129
126,0.252000,5,4570.312,-5.758
126,0.252000,6,4687.500,-6.061
126,0.252000,7,4546.875,-6.726
126,0.252000,8,4710.938,-7.517
127,0.254000,1,4617.188,-8.802
127,0.254000,2,4640.625,-8.984
127,0.254000,3,4593.750,-9.029
127,0.254000,4,4570.312,-9.491
127,0.254000,5,4664.062,-9.674
127,0.254000,6,4546.875,-10.277
127,0.254000,7,4687.500,-10.754
127,0.254000,8,4523.438,-11.339
128,0.256000,1,5906.250,-11.409
128,0.256000,2,5882.812,-11.471
128,0.256000,3,5929.688,-11.495
128,0.256000,4,5953.125,-11.649
128,0.256000,5,5859.375,-11.673
128,0.256000,6,5835.938,-11.923
128,0.256000,7,5976.562,-11.949
128,0.256000,8,5812.500,-12.321
129,0.258000,1,5929.688,-7.116
129,0.258000,2,5906.250,-7.125
129,0.258000,3,5953.125,-7.196
129,0.258000,4,5882.812,-7.257
129,0.258000,5,5976.562,-7.387
129,0.258000,6,5859.375,-7.514
129,0.258000,7,6000.000,-7.684
129,0.258000,8,5835.938,-7.861
130,0.260000,1,5929.688,-3.928
130,0.260000,2,5953.125,-3.959
130,0.260000,3,5906.250,-3.991
130,0.260000,4,5976.562,-4.082
130,0.260000,5,5882.812,-4.168
130,0.260000,6,6000.000,-4.285
130,0.260000,7,5859.375,-4.466
130,0.260000,8,6023.438,-4.551
131,0.262000,1,5953.125,-1.553
131,0.262000,2,5929.688,-1.559
131,0.262000,3,5976.562,-1.628
131,0.262000,4,5906.250,-1.658
131,0.262000,5,6000.000,-1.768
131,0.262000,6,5882.812,-1.868
131,0.262000,7,6023.438,-1.962
131,0.262000,8,5859.375,-2.197
132,0.264000,1,5953.125,0.240
132,0.264000,2,5976.562,0.188
132,0.264000,3,5929.688,0.182
132,0.264000,4,6000.000,0.076
132,0.264000,5,5906.250,0.055
132,0.264000,6,6023.438,-0.033
132,0.264000,7,5882.812,-0.159
132,0.264000,8,6046.875,-0.195
133,0.266000,1,5953.125,1.525
133,0.266000,2,5976.562,1.512
133,0.266000,3,5929.688,1.399
133,0.266000,4,6000.000,1.377
133,0.266000,5,6023.438,1.334
133,0.266000,6,6046.875,1.301
133,0.266000,7,5906.250,1.272
133,0.266000,8,6070.312,1.072
134,0.268000,1,5976.562,2.402
134,0.268000,2,5953.125,2.373
134,0.268000,3,6046.875,2.348
134,0.268000,4,6023.438,2.233
134,0.268000,5,6000.000,2.221
134,0.268000,6,5929.688,2.168
134,0.268000,7,6070.312,2.121
134,0.268000,8,5906.250,2.055
135,0.270000,1,6046.875,2.994
135,0.270000,2,6140.625,2.926
135,0.270000,3,5976.562,2.899
135,0.270000,4,5953.125,2.823
135,0.270000,5,6070.312,2.763
135,0.270000,6,6023.438,2.713
135,0.270000,7,6000.000,2.653
135,0.270000,8,6117.188,2.615
136,0.272000,1,6140.625,3.431
136,0.272000,2,6046.875,3.266
136,0.272000,3,6234.375,3.149
136,0.272000,4,6070.312,3.029
136,0.272000,5,5976.562,3.022
136,0.272000,6,6117.188,2.898
136,0.272000,7,5953.125,2.895
136,0.272000,8,6023.438,2.796
137,0.274000,1,6140.625,3.578
137,0.274000,2,6234.375,3.544
137,0.274000,3,6046.875,3.177
137,0.274000,4,6070.312,2.929
137,0.274000,5,6117.188,2.800
137,0.274000,6,5976.562,2.777
137,0.274000,7,6164.062,2.748
137,0.274000,8,6210.938,2.721
138,0.276000,1,6234.375,3.609
138,0.276000,2,6140.625,3.367
138,0.276000,3,6328.125,2.834
138,0.276000,4,6046.875,2.718
138,0.276000,5,6070.312,2.464
138,0.276000,6,6164.062,2.420
138,0.276000,7,6210.938,2.414
138,0.276000,8,6421.875,2.323
139,0.278000,1,6234.375,3.359
139,0.278000,2,6328.125,3.063
139,0.278000,3,6421.875,3.058
139,0.278000,4,6140.625,2.716
139,0.278000,5,6515.625,2.649
139,0.278000,6,6492.188,2.113
139,0.278000,7,6585.938,2.110
139,0.278000,8,6609.375,1.888
140,0.280000,1,6515.625,3.478
140,0.280000,2,6421.875,3.443
140,0.280000,3,6585.938,3.182
140,0.280000,4,6609.375,3.094
140,0.280000,5,6328.125,3.063
140,0.280000,6,6234.375,2.896
140,0.280000,7,6492.188,2.842
140,0.280000,8,6679.688,2.455
141,0.282000,1,6515.625,3.946
141,0.282000,2,6609.375,3.897
141,0.282000,3,6585.938,3.871
141,0.282000,4,6421.875,3.532
141,0.282000,5,6679.688,3.399
141,0.282000,6,6492.188,3.265
141,0.282000,7,6328.125,2.734
141,0.282000,8,6656.250,2.685
142,0.284000,1,6609.375,4.322
142,0.284000,2,6585.938,4.207
142,0.284000,3,6515.625,4.073
142,0.284000,4,6679.688,3.954
142,0.284000,5,6656.250,3.394
142,0.284000,6,6492.188,3.369
142,0.284000,7,6703.125,3.320
142,0.284000,8,6421.875,3.319
143,0.286000,1,6609.375,4.384
143,0.286000,2,6585.938,4.198
143,0.286000,3,6679.688,4.143
143,0.286000,4,6515.625,3.865
143,0.286000,5,6656.250,3.707
143,0.286000,6,6703.125,3.691
143,0.286000,7,6632.812,3.629
143,0.286000,8,6492.188,3.151
144,0.288000,1,6609.375,4.084
144,0.288000,2,6679.688,3.973
144,0.288000,3,6585.938,3.844
144,0.288000,4,6703.125,3.685
144,0.288000,5,6656.250,3.636
144,0.288000,6,6632.812,3.613
144,0.288000,7,6515.625,3.314
144,0.288000,8,6726.562,3.156
145,0.290000,1,6679.688,3.435
145,0.290000,2,6609.375,3.409
145,0.290000,3,6703.125,3.304
145,0.290000,4,6632.812,3.189
145,0.290000,5,6656.250,3.179
145,0.290000,6,6585.938,3.133
145,0.290000,7,6726.562,2.867
145,0.290000,8,6750.000,2.729
146,0.292000,1,6164.062,3.276
146,0.292000,2,6234.375,2.593
146,0.292000,3,6703.125,2.527
146,0.292000,4,6679.688,2.506
146,0.292000,5,6187.500,2.488
146,0.292000,6,6609.375,2.362
146,0.292000,7,6656.250,2.327
146,0.292000,8,6632.812,2.313
147,0.294000,1,6164.062,4.094
147,0.294000,2,6187.500,3.555
147,0.294000,3,6234.375,3.155
147,0.294000,4,6117.188,2.632
147,0.294000,5,6140.625,2.529
147,0.294000,6,6210.938,1.778
147,0.294000,7,6703.125,1.320
147,0.294000,8,6679.688,1.151
148,0.296000,1,6164.062,4.809
148,0.296000,2,6187.500,3.983
148,0.296000,3,6234.375,3.811
148,0.296000,4,6140.625,3.698
148,0.296000,5,6210.938,3.210
148,0.296000,6,6117.188,3.196
148,0.296000,7,6093.750,1.376
148,0.296000,8,6703.125,-0.390
149,0.298000,1,6164.062,5.281
149,0.298000,2,6234.375,4.448
149,0.298000,3,6140.625,4.312
149,0.298000,4,6210.938,4.046
149,0.298000,5,6187.500,3.955
149,0.298000,6,6117.188,3.452
149,0.298000,7,6093.750,1.796
149,0.298000,8,6304.688,-0.096
150,0.300000,1,6164.062,5.499
150,0.300000,2,6234.375,5.008
150,0.300000,3,6140.625,4.445
150,0.300000,4,6210.938,4.407
150,0.300000,5,6187.500,3.484
150,0.300000,6,6117.188,3.387
150,0.300000,7,6093.750,1.880
150,0.300000,8,6304.688,1.007
151,0.302000,1,6234.375,5.466
151,0.302000,2,6164.062,5.464
151,0.302000,3,6210.938,4.356
151,0.302000,4,6140.625,4.112
151,0.302000,5,6117.188,2.998
151,0.302000,6,6187.500,2.562
151,0.302000,7,6304.688,2.219
151,0.302000,8,6093.750,1.632
152,0.304000,1,6234.375,5.803
152,0.304000,2,6164.062,5.177
152,0.304000,3,6210.938,3.935
152,0.304000,4,6304.688,3.393
152,0.304000,5,6140.625,3.295
152,0.304000,6,6117.188,2.279
152,0.304000,7,6281.250,1.307
152,0.304000,8,6187.500,1.166
153,0.306000,1,6234.375,5.996
153,0.306000,2,6164.062,4.650
153,0.306000,3,6304.688,4.392
153,0.306000,4,6210.938,3.206
153,0.306000,5,6281.250,2.183
153,0.306000,6,6140.625,1.935
153,0.306000,7,6117.188,1.207
153,0.306000,8,6328.125,0.946
154,0.308000,1,6234.375,5.981
154,0.308000,2,6304.688,5.122
154,0.308000,3,6164.062,3.860
154,0.308000,4,6281.250,2.947
154,0.308000,5,6328.125,2.416
154,0.308000,6,6210.938,2.317
154,0.308000,7,6351.562,1.750
154,0.308000,8,6375.000,0.583
155,0.310000,1,6234.375,5.782
155,0.310000,2,6304.688,5.624
155,0.310000,3,6281.250,3.515
155,0.310000,4,6328.125,3.238
155,0.310000,5,6164.062,2.826
155,0.310000,6,6351.562,2.685
155,0.310000,7,6375.000,1.773
155,0.310000,8,6210.938,1.378
156,0.312000,1,6304.688,5.937
156,0.312000,2,6234.375,5.394
156,0.312000,3,6281.250,3.775
156,0.312000,4,6328.125,3.497
156,0.312000,5,6351.562,3.179
156,0.312000,6,6375.000,2.854
156,0.312000,7,6257.812,2.291
156,0.312000,8,6164.062,1.530
157,0.314000,1,6304.688,6.054
157,0.314000,2,6234.375,4.810
157,0.314000,3,6375.000,3.782
157,0.314000,4,6281.250,3.697
157,0.314000,5,6351.562,3.289
157,0.314000,6,6328.125,3.254
157,0.314000,7,6257.812,3.027
157,0.314000,8,6164.062,-0.004
158,0.316000,1,6304.688,5.967
158,0.316000,2,6375.000,4.522
158,0.316000,3,6234.375,4.050
158,0.316000,4,6257.812,3.254
158,0.316000,5,6281.250,3.254
158,0.316000,6,6351.562,3.073
158,0.316000,7,6328.125,2.541
158,0.316000,8,6421.875,0.232
159,0.318000,1,6304.688,5.677
159,0.318000,2,6375.000,5.051
159,0.318000,3,6234.375,3.158
159,0.318000,4,6257.812,2.985
159,0.318000,5,6351.562,2.598
159,0.318000,6,6281.250,2.401
159,0.318000,7,6445.312,1.762
159,0.318000,8,6328.125,1.406
160,0.320000,1,6375.000,5.361
160,0.320000,2,6304.688,5.222
160,0.320000,3,6445.312,2.973
160,0.320000,4,6234.375,2.218
160,0.320000,5,6257.812,2.214
160,0.320000,6,6421.875,1.955
160,0.320000,7,6351.562,1.946
160,0.320000,8,6281.250,1.015
161,0.322000,1,6375.000,5.505
161,0.322000,2,6304.688,4.634
161,0.322000,3,6445.312,3.911
161,0.322000,4,6421.875,2.669
161,0.322000,5,6492.188,1.844
161,0.322000,6,6234.375,1.235
161,0.322000,7,6468.750,1.154
161,0.322000,8,6351.562,1.149
162,0.324000,1,6375.000,5.436
162,0.324000,2,6445.312,4.573
162,0.324000,3,6304.688,3.839
162,0.324000,4,6421.875,3.135
162,0.324000,5,6468.750,2.330
162,0.324000,6,6492.188,2.195
162,0.324000,7,6515.625,1.036
162,0.324000,8,6398.438,1.033
163,0.326000,1,6375.000,5.095
163,0.326000,2,6445.312,4.960
163,0.326000,3,6421.875,3.227
163,0.326000,4,6468.750,3.132
163,0.326000,5,6304.688,2.748
163,0.326000,6,6398.438,2.590
163,0.326000,7,6515.625,2.124
163,0.326000,8,6492.188,1.928
164,0.328000,1,6445.312,5.070
164,0.328000,2,6375.000,4.480
164,0.328000,3,6398.438,3.648
164,0.328000,4,6468.750,3.622
164,0.328000,5,6515.625,3.007
164,0.328000,6,6421.875,2.894
164,0.328000,7,6304.688,1.371
164,0.328000,8,6492.188,1.011
165,0.330000,1,6445.312,4.919
165,0.330000,2,6398.438,4.250
165,0.330000,3,6468.750,3.851
165,0.330000,4,6515.625,3.664
165,0.330000,5,6375.000,3.605
165,0.330000,6,6421.875,2.081
165,0.330000,7,6585.938,1.041
165,0.330000,8,6328.125,0.221
166,0.332000,1,6445.312,4.536
166,0.332000,2,6398.438,4.420
166,0.332000,3,6515.625,4.094
166,0.332000,4,6468.750,3.867
166,0.332000,5,6375.000,2.528
166,0.332000,6,6585.938,2.087
166,0.332000,7,6328.125,0.728
166,0.332000,8,6421.875,0.698
167,0.334000,1,6515.625,4.324
167,0.334000,2,6398.438,4.180
167,0.334000,3,6445.312,3.996
167,0.334000,4,6468.750,3.699
167,0.334000,5,6585.938,2.870
167,0.334000,6,6375.000,1.359
167,0.334000,7,6328.125,0.739
167,0.334000,8,6539.062,0.544
168,0.336000,1,6515.625,4.391
168,0.336000,2,6398.438,3.613
168,0.336000,3,6585.938,3.417
168,0.336000,4,6468.750,3.391
168,0.336000,5,6445.312,3.359
168,0.336000,6,6539.062,1.575
168,0.336000,7,6632.812,0.841
168,0.336000,8,6656.250,0.772
169,0.338000,1,6515.625,4.232
169,0.338000,2,6585.938,3.687
169,0.338000,3,6468.750,3.041
169,0.338000,4,6398.438,2.824
169,0.338000,5,6445.312,2.563
169,0.338000,6,6539.062,2.459
169,0.338000,7,6632.812,1.439
169,0.338000,8,6656.250,1.136
170,0.340000,1,6515.625,3.884
170,0.340000,2,6585.938,3.698
170,0.340000,3,6539.062,3.050
170,0.340000,4,6468.750,2.623
170,0.340000,5,6562.500,2.007
170,0.340000,6,6609.375,1.955
170,0.340000,7,6398.438,1.818
170,0.340000,8,6632.812,1.714
171,0.342000,1,6585.938,3.440
171,0.342000,2,6515.625,3.359
171,0.342000,3,6539.062,3.286
171,0.342000,4,6562.500,2.525
171,0.342000,5,6609.375,2.309
171,0.342000,6,6468.750,2.106
171,0.342000,7,6632.812,1.662
171,0.342000,8,6656.250,0.928
172,0.344000,1,6539.062,3.128
172,0.344000,2,6585.938,2.910
172,0.344000,3,6515.625,2.672
172,0.344000,4,6562.500,2.615
172,0.344000,5,6609.375,2.184
172,0.344000,6,6468.750,1.452
172,0.344000,7,6632.812,1.276
172,0.344000,8,6656.250,0.330
173,0.346000,1,6539.062,2.537
173,0.346000,2,6562.500,2.263
173,0.346000,3,6585.938,2.104
173,0.346000,4,6515.625,1.845
173,0.346000,5,6609.375,1.565
173,0.346000,6,6468.750,0.619
173,0.346000,7,6632.812,0.544
173,0.346000,8,6492.188,0.536
174,0.348000,1,6539.062,1.479
174,0.348000,2,6562.500,1.420
174,0.348000,3,6585.938,1.019
174,0.348000,4,6515.625,0.874
174,0.348000,5,6609.375,0.419
174,0.348000,6,6492.188,0.134
174,0.348000,7,6468.750,-0.448
174,0.348000,8,6632.812,-0.593
175,0.350000,1,6539.062,-0.001
175,0.350000,2,6562.500,-0.004
175,0.350000,3,6515.625,-0.379
175,0.350000,4,6585.938,-0.434
175,0.350000,5,6492.188,-0.977
175,0.350000,6,6609.375,-1.207
175,0.350000,7,6468.750,-1.796
175,0.350000,8,6632.812,-2.295
176,0.352000,1,6539.062,-1.913
176,0.352000,2,6562.500,-2.009
176,0.352000,3,6515.625,-2.161
176,0.352000,4,6585.938,-2.483
176,0.352000,5,6492.188,-2.706
176,0.352000,6,6609.375,-3.346
176,0.352000,7,6468.750,-3.482
176,0.352000,8,6445.312,-4.411
177,0.354000,1,6539.062,-4.463
177,0.354000,2,6515.625,-4.605
177,0.354000,3,6562.500,-4.664
177,0.354000,4,6492.188,-5.044
177,0.354000,5,6585.938,-5.245
177,0.354000,6,6468.750,-5.720
177,0.354000,7,6609.375,-6.225
177,0.354000,8,6445.312,-6.565
178,0.356000,1,6515.625,-7.882
178,0.356000,2,6539.062,-7.884
178,0.356000,3,6492.188,-8.178
178,0.356000,4,6562.500,-8.222
178,0.356000,5,6468.750,-8.727
178,0.356000,6,6585.938,-8.945
178,0.356000,7,6445.312,-9.466
178,0.356000,8,6609.375,-10.090
179,0.358000,1,6515.625,-12.367
179,0.358000,2,6492.188,-12.456
179,0.358000,3,6539.062,-12.581
179,0.358000,4,6468.750,-12.836
179,0.358000,5,6562.500,-13.105
179,0.358000,6,6445.312,-13.423
179,0.358000,7,6585.938,-14.027
179,0.358000,8,6421.875,-14.163
180,0.360000,1,8578.125,-15.375
180,0.360000,2,8601.562,-15.407
180,0.360000,3,8554.688,-15.439
180,0.360000,4,8625.000,-15.545
180,0.360000,5,8531.250,-15.557
180,0.360000,6,8648.438,-15.749
180,0.360000,7,8507.812,-15.762
180,0.360000,8,8671.875,-16.033
181,0.362000,1,8601.562,-10.470
181,0.362000,2,8625.000,-10.508
181,0.362000,3,8578.125,-10.514
181,0.362000,4,8648.438,-10.612
181,0.362000,5,8554.688,-10.637
181,0.362000,6,8671.875,-10.785
181,0.362000,7,8531.250,-10.831
181,0.362000,8,8695.312,-11.031
182,0.364000,1,8625.000,-6.910
182,0.364000,2,8601.562,-6.929
182,0.364000,3,8648.438,-6.953
182,0.364000,4,8578.125,-7.017
182,0.364000,5,8671.875,-7.054
182,0.364000,6,8554.688,-7.178
182,0.364000,7,8695.312,-7.215
182,0.364000,8,8531.250,-7.416
183,0.366000,1,8648.438,-4.249
183,0.366000,2,8625.000,-4.250
183,0.366000,3,8671.875,-4.300
183,0.366000,4,8601.562,-4.307
183,0.366000,5,8695.312,-4.402
183,0.366000,6,8578.125,-4.425
183,0.366000,7,8718.750,-4.551
183,0.366000,8,8554.688,-4.613
184,0.368000,1,8648.438,-2.239
184,0.368000,2,8671.875,-2.256
184,0.368000,3,8625.000,-2.276
184,0.368000,4,8695.312,-2.314
184,0.368000,5,8601.562,-2.363
184,0.368000,6,8718.750,-2.411
184,0.368000,7,8578.125,-2.501
184,0.368000,8,8742.188,-2.555
185,0.370000,1,8671.875,-0.764
185,0.370000,2,8648.438,-0.773
185,0.370000,3,8695.312,-0.802
185,0.370000,4,8718.750,-0.847
185,0.370000,5,8625.000,-0.852
185,0.370000,6,8742.188,-0.938
185,0.370000,7,8601.562,-0.962
185,0.370000,8,8765.625,-1.101
186,0.372000,1,8671.875,0.262
186,0.372000,2,8718.750,0.237
186,0.372000,3,8648.438,0.234
186,0.372000,4,8695.312,0.231
186,0.372000,5,8742.188,0.201
186,0.372000,6,8625.000,0.107
186,0.372000,7,8765.625,0.039
186,0.372000,8,8601.562,-0.020
187,0.374000,1,8742.188,0.920
187,0.374000,2,8718.750,0.898
187,0.374000,3,8671.875,0.875
187,0.374000,4,8695.312,0.841
187,0.374000,5,8648.438,0.829
187,0.374000,6,9000.000,0.810
187,0.374000,7,8765.625,0.751
187,0.374000,8,8625.000,0.651
188,0.376000,1,9000.000,1.403
188,0.376000,2,9093.750,1.323
188,0.376000,3,8742.188,1.252
188,0.376000,4,9023.438,1.227
188,0.376000,5,8718.750,1.168
188,0.376000,6,8929.688,1.117
188,0.376000,7,8671.875,1.102
188,0.376000,8,8765.625,1.071
189,0.378000,1,9093.750,1.738
189,0.378000,2,9000.000,1.628
189,0.378000,3,9187.500,1.482
189,0.378000,4,9023.438,1.460
189,0.378000,5,9117.188,1.257
189,0.378000,6,8929.688,1.235
189,0.378000,7,8742.188,1.209
189,0.378000,8,8906.250,1.133
190,0.380000,1,9093.750,1.800
190,0.380000,2,9187.500,1.770
190,0.380000,3,9000.000,1.493
190,0.380000,4,9023.438,1.335
190,0.380000,5,9117.188,1.314
190,0.380000,6,9281.250,1.097
190,0.380000,7,8929.688,0.988
190,0.380000,8,9210.938,0.855
191,0.382000,1,9187.500,1.703
191,0.382000,2,9093.750,1.518
191,0.382000,3,9281.250,1.371
191,0.382000,4,9375.000,1.149
191,0.382000,5,9000.000,1.031
191,0.382000,6,9117.188,1.029
191,0.382000,7,9210.938,0.860
191,0.382000,8,9468.750,0.818
192,0.384000,1,9468.750,1.623
192,0.384000,2,9375.000,1.568
192,0.384000,3,9562.500,1.475
192,0.384000,4,9281.250,1.352
192,0.384000,5,9187.500,1.189
192,0.384000,6,9492.188,1.167
192,0.384000,7,9398.438,0.995
192,0.384000,8,9093.750,0.839
193,0.386000,1,9562.500,2.227
193,0.386000,2,9468.750,2.090
193,0.386000,3,9492.188,1.850
193,0.386000,4,9585.938,1.699
193,0.386000,5,9375.000,1.683
193,0.386000,6,9656.250,1.403
193,0.386000,7,9398.438,1.345
193,0.386000,8,9281.250,1.040
194,0.388000,1,9562.500,2.620
194,0.388000,2,9585.938,2.263
194,0.388000,3,9468.750,2.232
194,0.388000,4,9492.188,2.180
194,0.388000,5,9656.250,1.973
194,0.388000,6,9375.000,1.499
194,0.388000,7,9843.750,1.487
194,0.388000,8,9750.000,1.458
195,0.390000,1,9562.500,2.672
195,0.390000,2,9585.938,2.459
195,0.390000,3,9656.250,2.175
195,0.390000,4,9492.188,2.167
195,0.390000,5,9468.750,2.051
195,0.390000,6,9843.750,1.993
195,0.390000,7,9820.312,1.943
195,0.390000,8,9750.000,1.812
196,0.392000,1,9562.500,2.382
196,0.392000,2,9585.938,2.293
196,0.392000,3,9843.750,2.122
196,0.392000,4,9820.312,2.056
196,0.392000,5,9656.250,2.016
196,0.392000,6,9867.188,1.882
196,0.392000,7,9890.625,1.804
196,0.392000,8,9492.188,1.804
197,0.394000,1,9843.750,1.878
197,0.394000,2,9820.312,1.797
197,0.394000,3,9585.938,1.758
197,0.394000,4,9562.500,1.743
197,0.394000,5,9867.188,1.731
197,0.394000,6,9890.625,1.660
197,0.394000,7,9914.062,1.612
197,0.394000,8,9796.875,1.518
198,0.396000,1,9000.000,2.116
198,0.396000,2,9070.312,1.807
198,0.396000,3,9046.875,1.688
198,0.396000,4,9843.750,1.248
198,0.396000,5,9867.188,1.192
198,0.396000,6,9820.312,1.158
198,0.396000,7,9890.625,1.124
198,0.396000,8,9914.062,1.080
199,0.398000,1,9000.000,3.065
199,0.398000,2,9046.875,2.985
199,0.398000,3,9070.312,2.934
199,0.398000,4,9023.438,2.535
199,0.398000,5,8976.562,1.082
199,0.398000,6,9117.188,0.484
199,0.398000,7,9867.188,0.240
199,0.398000,8,9843.750,0.204
200,0.400000,1,9046.875,4.063
200,0.400000,2,9000.000,3.870
200,0.400000,3,9023.438,3.729
200,0.400000,4,9070.312,3.677
200,0.400000,5,8976.562,2.228
200,0.400000,6,9117.188,1.400
200,0.400000,7,9093.750,1.354
200,0.400000,8,8953.125,0.556
201,0.402000,1,9046.875,4.696
201,0.402000,2,9023.438,4.416
201,0.402000,3,9000.000,4.408
201,0.402000,4,9070.312,4.204
201,0.402000,5,8976.562,2.846
201,0.402000,6,9117.188,2.084
201,0.402000,7,9093.750,1.943
201,0.402000,8,8953.125,1.218
202,0.404000,1,9046.875,4.881
202,0.404000,2,9023.438,4.715
202,0.404000,3,9000.000,4.618
202,0.404000,4,9070.312,4.513
202,0.404000,5,8976.562,3.025
202,0.404000,6,9117.188,2.426
202,0.404000,7,9093.750,1.959
202,0.404000,8,8953.125,1.540
203,0.406000,1,9023.438,4.639
203,0.406000,2,9046.875,4.634
203,0.406000,3,9070.312,4.592
203,0.406000,4,9000.000,4.510
203,0.406000,5,8976.562,2.775
203,0.406000,6,9117.188,2.458
203,0.406000,7,8953.125,1.529
203,0.406000,8,9093.750,1.423
204,0.408000,1,9070.312,4.436
204,0.408000,2,9023.438,4.188
204,0.408000,3,9000.000,4.083
204,0.408000,4,9046.875,3.940
204,0.408000,5,9117.188,2.212
204,0.408000,6,8976.562,2.074
204,0.408000,7,9140.625,1.775
204,0.408000,8,8953.125,1.186
205,0.410000,1,9070.312,4.041
205,0.410000,2,9023.438,3.344
205,0.410000,3,9000.000,3.335
205,0.410000,4,9046.875,2.759
205,0.410000,5,9140.625,2.593
205,0.410000,6,9117.188,1.724
205,0.410000,7,9210.938,1.550
205,0.410000,8,9234.375,1.194
206,0.412000,1,9070.312,3.375
206,0.412000,2,9140.625,3.146
206,0.412000,3,9210.938,3.008
206,0.412000,4,9234.375,2.705
206,0.412000,5,9000.000,2.241
206,0.412000,6,9023.438,2.077
206,0.412000,7,9187.500,1.899
206,0.412000,8,9257.812,1.798
207,0.414000,1,9210.938,4.041
207,0.414000,2,9234.375,3.680
207,0.414000,3,9140.625,3.466
207,0.414000,4,9257.812,2.886
207,0.414000,5,9187.500,2.764
207,0.414000,6,9070.312,2.428
207,0.414000,7,9281.250,1.658
207,0.414000,8,9304.688,0.781
208,0.416000,1,9210.938,4.741
208,0.416000,2,9234.375,4.232
208,0.416000,3,9140.625,3.549
208,0.416000,4,9257.812,3.478
208,0.416000,5,9187.500,3.222
208,0.416000,6,9281.250,2.555
208,0.416000,7,9164.062,1.254
208,0.416000,8,9070.312,1.201
209,0.418000,1,9210.938,5.118
209,0.418000,2,9234.375,4.421
209,0.418000,3,9257.812,3.577
209,0.418000,4,9140.625,3.348
209,0.418000,5,9187.500,3.275
209,0.418000,6,9281.250,3.234
209,0.418000,7,9164.062,2.251
209,0.418000,8,9328.125,0.294
210,0.420000,1,9210.938,5.180
210,0.420000,2,9234.375,4.270
210,0.420000,3,9281.250,3.685
210,0.420000,4,9257.812,3.196
210,0.420000,5,9187.500,2.919
210,0.420000,6,9140.625,2.854
210,0.420000,7,9164.062,2.764
210,0.420000,8,9328.125,0.464
211,0.422000,1,9210.938,4.936
211,0.422000,2,9281.250,3.904
211,0.422000,3,9234.375,3.797
211,0.422000,4,9164.062,2.834
211,0.422000,5,9257.812,2.318
211,0.422000,6,9187.500,2.126
211,0.422000,7,9140.625,2.070
211,0.422000,8,9328.125,0.453
212,0.424000,1,9210.938,4.395
212,0.424000,2,9281.250,3.881
212,0.424000,3,9234.375,3.021
212,0.424000,4,9164.062,2.464
212,0.424000,5,9398.438,1.232
212,0.424000,6,9140.625,1.039
212,0.424000,7,9257.812,0.912
212,0.424000,8,9187.500,0.840
213,0.426000,1,9281.250,3.634
213,0.426000,2,9210.938,3.622
213,0.426000,3,9398.438,2.217
213,0.426000,4,9234.375,1.933
213,0.426000,5,9351.562,1.743
213,0.426000,6,9164.062,1.640
213,0.426000,7,9468.750,1.378
213,0.426000,8,9445.312,1.005
214,0.428000,1,9281.250,3.189
214,0.428000,2,9398.438,2.843
214,0.428000,3,9210.938,2.622
214,0.428000,4,9351.562,2.441
214,0.428000,5,9468.750,2.047
214,0.428000,6,9445.312,2.044
214,0.428000,7,9421.875,1.880
214,0.428000,8,9234.375,0.638
215,0.430000,1,9398.438,3.104
215,0.430000,2,9445.312,2.863
215,0.430000,3,9351.562,2.770
215,0.430000,4,9421.875,2.760
215,0.430000,5,9281.250,2.443
215,0.430000,6,9468.750,2.166
215,0.430000,7,9375.000,1.550
215,0.430000,8,9210.938,1.283
216,0.432000,1,9445.312,3.484
216,0.432000,2,9421.875,3.118
216,0.432000,3,9398.438,3.029
216,0.432000,4,9351.562,2.679
216,0.432000,5,9375.000,2.676
216,0.432000,6,9492.188,1.743
216,0.432000,7,9468.750,1.712
216,0.432000,8,9281.250,1.385
217,0.434000,1,9445.312,3.900
217,0.434000,2,9375.000,3.380
217,0.434000,3,9421.875,2.993
217,0.434000,4,9398.438,2.627
217,0.434000,5,9351.562,2.148
217,0.434000,6,9492.188,2.043
217,0.434000,7,9468.750,0.641
217,0.434000,8,9328.125,0.507
218,0.436000,1,9445.312,4.105
218,0.436000,2,9375.000,3.692
218,0.436000,3,9421.875,2.403
218,0.436000,4,9492.188,2.088
218,0.436000,5,9398.438,1.909
218,0.436000,6,9562.500,1.221
218,0.436000,7,9351.562,1.144
218,0.436000,8,9515.625,0.492
219,0.438000,1,9445.312,4.098
219,0.438000,2,9375.000,3.623
219,0.438000,3,9492.188,1.914
219,0.438000,4,9562.500,1.780
219,0.438000,5,9421.875,1.373
219,0.438000,6,9398.438,0.905
219,0.438000,7,9515.625,0.676
219,0.438000,8,9304.688,0.417
220,0.440000,1,9445.312,3.837
220,0.440000,2,9375.000,3.184
220,0.440000,3,9562.500,2.140
220,0.440000,4,9492.188,1.621
220,0.440000,5,9632.812,1.207
220,0.440000,6,9515.625,0.884
220,0.440000,7,9421.875,0.055
220,0.440000,8,9679.688,0.026
221,0.442000,1,9445.312,3.365
221,0.442000,2,9375.000,2.484
221,0.442000,3,9562.500,2.302
221,0.442000,4,9632.812,1.743
221,0.442000,5,9492.188,1.265
221,0.442000,6,9515.625,1.089
221,0.442000,7,9679.688,0.611
221,0.442000,8,9609.375,0.441
222,0.444000,1,9445.312,2.705
222,0.444000,2,9562.500,2.264
222,0.444000,3,9632.812,1.994
222,0.444000,4,9375.000,1.564
222,0.444000,5,9515.625,1.231
222,0.444000,6,9609.375,0.981
222,0.444000,7,9679.688,0.898
222,0.444000,8,9492.188,0.879
223,0.446000,1,9562.500,2.018
223,0.446000,2,9632.812,1.951
223,0.446000,3,9445.312,1.851
223,0.446000,4,9609.375,1.255
223,0.446000,5,9515.625,1.235
223,0.446000,6,9679.688,0.884
223,0.446000,7,9585.938,0.721
223,0.446000,8,9703.125,0.564
224,0.448000,1,9632.812,1.608
224,0.448000,2,9562.500,1.570
224,0.448000,3,9609.375,1.229
224,0.448000,4,9585.938,1.097
224,0.448000,5,9515.625,1.033
224,0.448000,6,9445.312,0.832
224,0.448000,7,9656.250,0.721
224,0.448000,8,9679.688,0.567
225,0.450000,1,9585.938,0.956
225,0.450000,2,9632.812,0.949
225,0.450000,3,9562.500,0.930
225,0.450000,4,9609.375,0.878
225,0.450000,5,9515.625,0.564
225,0.450000,6,9656.250,0.395
225,0.450000,7,9539.062,0.254
225,0.450000,8,9679.688,-0.060
226,0.452000,1,9585.938,0.278
226,0.452000,2,9609.375,0.167
226,0.452000,3,9562.500,0.111
226,0.452000,4,9632.812,-0.037
226,0.452000,5,9539.062,-0.080
226,0.452000,6,9515.625,-0.224
226,0.452000,7,9656.250,-0.457
226,0.452000,8,9492.188,-0.987
227,0.454000,1,9585.938,-0.910
227,0.454000,2,9562.500,-0.943
227,0.454000,3,9609.375,-1.015
227,0.454000,4,9539.062,-1.031
227,0.454000,5,9515.625,-1.348
227,0.454000,6,9632.812,-1.356
227,0.454000,7,9492.188,-1.816
227,0.454000,8,9656.250,-1.855
228,0.456000,1,9562.500,-2.458
228,0.456000,2,9585.938,-2.526
228,0.456000,3,9539.062,-2.557
228,0.456000,4,9609.375,-2.759
228,0.456000,5,9515.625,-2.797
228,0.456000,6,9492.188,-3.129
228,0.456000,7,9632.812,-3.171
228,0.456000,8,9468.750,-3.568
229,0.458000,1,9562.500,-4.582
229,0.458000,2,9539.062,-4.600
229,0.458000,3,9585.938,-4.736
229,0.458000,4,9515.625,-4.763
229,0.458000,5,9492.188,-5.055
229,0.458000,6,9609.375,-5.084
229,0.458000,7,9468.750,-5.474
229,0.458000,8,9632.812,-5.624
230,0.460000,1,9539.062,-7.340
230,0.460000,2,9515.625,-7.422
230,0.460000,3,9562.500,-7.430
230,0.460000,4,9492.188,-7.654
230,0.460000,5,9585.938,-7.713
230,0.460000,6,9468.750,-8.025
230,0.460000,7,9609.375,-8.205
230,0.460000,8,9445.312,-8.544
231,0.462000,1,9515.625,-11.018
231,0.462000,2,9539.062,-11.050
231,0.462000,3,9492.188,-11.164
231,0.462000,4,9562.500,-11.295
231,0.462000,5,9468.750,-11.459
231,0.462000,6,9585.938,-11.761
231,0.462000,7,9445.312,-11.913
231,0.462000,8,9609.375,-12.456
232,0.464000,1,9515.625,-16.048
232,0.464000,2,9492.188,-16.052
232,0.464000,3,9468.750,-16.203
232,0.464000,4,9539.062,-16.260
232,0.464000,5,3609.375,-16.296
232,0.464000,6,3585.938,-16.315
232,0.464000,7,3632.812,-16.495
232,0.464000,8,3562.500,-16.527
233,0.466000,1,3632.812,-9.668
233,0.466000,2,3609.375,-9.716
233,0.466000,3,3656.250,-9.865
233,0.466000,4,3585.938,-9.982
233,0.466000,5,3679.688,-10.333
233,0.466000,6,3562.500,-10.434
233,0.466000,7,3539.062,-11.040
233,0.466000,8,3703.125,-11.101
234,0.468000,1,3632.812,-4.995
234,0.468000,2,3656.250,-5.037
234,0.468000,3,3609.375,-5.201
234,0.468000,4,3679.688,-5.355
234,0.468000,5,3585.938,-5.623
234,0.468000,6,3703.125,-5.970
234,0.468000,7,3562.500,-6.224
234,0.468000,8,3726.562,-6.901
235,0.470000,1,3656.250,-1.535
235,0.470000,2,3632.812,-1.596
235,0.470000,3,3679.688,-1.751
235,0.470000,4,3609.375,-1.909
235,0.470000,5,3703.125,-2.263
235,0.470000,6,3585.938,-2.440
235,0.470000,7,3726.562,-3.080
235,0.470000,8,3562.500,-3.146
236,0.472000,1,3656.250,1.072
236,0.472000,2,3632.812,0.935
236,0.472000,3,3679.688,0.930
236,0.472000,4,3609.375,0.543
236,0.472000,5,3703.125,0.495
236,0.472000,6,3585.938,-0.069
236,0.472000,7,3726.562,-0.240
236,0.472000,8,3562.500,-0.855
237,0.474000,1,3656.250,2.996
237,0.474000,2,3679.688,2.927
237,0.474000,3,3632.812,2.828
237,0.474000,4,3703.125,2.576
237,0.474000,5,3609.375,2.376
237,0.474000,6,3726.562,1.880
237,0.474000,7,3585.938,1.668
237,0.474000,8,3750.000,0.906
238,0.476000,1,3656.250,4.386
238,0.476000,2,3679.688,4.313
238,0.476000,3,3632.812,4.246
238,0.476000,4,3703.125,4.146
238,0.476000,5,3609.375,3.672
238,0.476000,6,3726.562,3.512
238,0.476000,7,3585.938,2.874
238,0.476000,8,3750.000,2.393
239,0.478000,1,3656.250,5.336
239,0.478000,2,3703.125,5.233
239,0.478000,3,3632.812,5.229
239,0.478000,4,3679.688,5.212
239,0.478000,5,3726.562,4.732
239,0.478000,6,3609.375,4.516
239,0.478000,7,3585.938,3.636
239,0.478000,8,3750.000,3.405
240,0.480000,1,3703.125,5.902
240,0.480000,2,3656.250,5.889
240,0.480000,3,3632.812,5.820
240,0.480000,4,3679.688,5.676
240,0.480000,5,3726.562,5.573
240,0.480000,6,3609.375,4.952
240,0.480000,7,3750.000,3.991
240,0.480000,8,3585.938,3.989
241,0.482000,1,3703.125,6.180
241,0.482000,2,3656.250,6.065
241,0.482000,3,3726.562,6.060
241,0.482000,4,3632.812,6.044
241,0.482000,5,3679.688,5.735
241,0.482000,6,3609.375,5.003
241,0.482000,7,3750.000,4.194
241,0.482000,8,3585.938,3.950
242,0.484000,1,3726.562,6.208
242,0.484000,2,3703.125,6.081
242,0.484000,3,3632.812,5.911
242,0.484000,4,3656.250,5.872
242,0.484000,5,3679.688,5.393
242,0.484000,6,3609.375,4.672
242,0.484000,7,3796.875,4.212
242,0.484000,8,3750.000,4.033
243,0.486000,1,3726.562,6.021
243,0.486000,2,3703.125,5.603
243,0.486000,3,3632.812,5.414
243,0.486000,4,3656.250,5.302
243,0.486000,5,3679.688,4.630
243,0.486000,6,3796.875,4.280
243,0.486000,7,3609.375,3.948
243,0.486000,8,3984.375,3.795
244,0.488000,1,3726.562,5.491
244,0.488000,2,3984.375,5.139
244,0.488000,3,3703.125,4.730
244,0.488000,4,3632.812,4.538
244,0.488000,5,3656.250,4.331
244,0.488000,6,3796.875,4.023
244,0.488000,7,3890.625,4.020
244,0.488000,8,3820.312,3.826
245,0.490000,1,3984.375,6.092
245,0.490000,2,4007.812,4.851
245,0.490000,3,4054.688,4.811
245,0.490000,4,4078.125,4.653
245,0.490000,5,3726.562,4.557
245,0.490000,6,3890.625,4.259
245,0.490000,7,3914.062,4.154
245,0.490000,8,3820.312,3.662
246,0.492000,1,3984.375,6.634
246,0.492000,2,4007.812,5.847
246,0.492000,3,4054.688,5.780
246,0.492000,4,4078.125,5.549
246,0.492000,5,4031.250,4.882
246,0.492000,6,3960.938,4.400
246,0.492000,7,3890.625,4.351
246,0.492000,8,3914.062,4.332
247,0.494000,1,3984.375,6.839
247,0.494000,2,4007.812,6.426
247,0.494000,3,4054.688,6.366
247,0.494000,4,4078.125,6.055
247,0.494000,5,4031.250,5.788
247,0.494000,6,3960.938,4.972
247,0.494000,7,4101.562,4.394
247,0.494000,8,3890.625,4.210
248,0.496000,1,3984.375,6.687
248,0.496000,2,4007.812,6.623
248,0.496000,3,4054.688,6.577
248,0.496000,4,4031.250,6.268
248,0.496000,5,4078.125,6.203
248,0.496000,6,3960.938,5.217
248,0.496000,7,4101.562,4.842
248,0.496000,8,4125.000,3.755
249,0.498000,1,4007.812,6.450
249,0.498000,2,4054.688,6.430
249,0.498000,3,4031.250,6.338
249,0.498000,4,3984.375,6.170
249,0.498000,5,4078.125,5.986
249,0.498000,6,3960.938,5.130
249,0.498000,7,4101.562,4.903
249,0.498000,8,4125.000,3.866
250,0.500000,1,4031.250,6.003
250,0.500000,2,4054.688,5.920
250,0.500000,3,4007.812,5.897
250,0.500000,4,4078.125,5.395
250,0.500000,5,3984.375,5.270
250,0.500000,6,3960.938,4.694
250,0.500000,7,4101.562,4.578
250,0.500000,8,4125.000,3.590
251,0.502000,1,4031.250,5.243
251,0.502000,2,4054.688,5.030
251,0.502000,3,4007.812,4.938
251,0.502000,4,3750.000,4.885
251,0.502000,5,4078.125,4.404
251,0.502000,6,3984.375,3.952
251,0.502000,7,3960.938,3.879
251,0.502000,8,4101.562,3.852
252,0.504000,1,3750.000,6.276
252,0.504000,2,3703.125,4.489
252,0.504000,3,3773.438,4.053
252,0.504000,4,4031.250,4.051
252,0.504000,5,3820.312,4.011
252,0.504000,6,4054.688,3.693
252,0.504000,7,3726.562,3.640
252,0.504000,8,4007.812,3.501
253,0.506000,1,3750.000,7.475
253,0.506000,2,3726.562,5.601
253,0.506000,3,3703.125,5.575
253,0.506000,4,3773.438,5.523
253,0.506000,5,3796.875,4.804
253,0.506000,6,3820.312,4.681
253,0.506000,7,3679.688,3.355
253,0.506000,8,4031.250,2.387
254,0.508000,1,3750.000,8.437
254,0.508000,2,3726.562,6.785
254,0.508000,3,3773.438,6.646
254,0.508000,4,3703.125,6.338
254,0.508000,5,3796.875,5.412
254,0.508000,6,3820.312,5.406
254,0.508000,7,3679.688,4.634
254,0.508000,8,3656.250,1.999
255,0.510000,1,3750.000,9.132
255,0.510000,2,3773.438,7.545
255,0.510000,3,3726.562,7.315
255,0.510000,4,3703.125,6.874
255,0.510000,5,3820.312,6.152
255,0.510000,6,3679.688,5.448
255,0.510000,7,3796.875,5.240
255,0.510000,8,3656.250,2.545
256,0.512000,1,3750.000,9.559
256,0.512000,2,3773.438,8.268
256,0.512000,3,3726.562,7.246
256,0.512000,4,3703.125,7.205
256,0.512000,5,3820.312,6.882
256,0.512000,6,3679.688,5.811
256,0.512000,7,3796.875,4.189
256,0.512000,8,3843.750,3.972
257,0.514000,1,3750.000,9.735
257,0.514000,2,3773.438,8.812
257,0.514000,3,3820.312,7.556
257,0.514000,4,3703.125,7.327
257,0.514000,5,3726.562,6.568
257,0.514000,6,3679.688,5.755
257,0.514000,7,3843.750,5.400
257,0.514000,8,3656.250,2.554
258,0.516000,1,3750.000,9.680
258,0.516000,2,3773.438,9.168
258,0.516000,3,3820.312,8.153
258,0.516000,4,3703.125,7.237
258,0.516000,5,3843.750,6.558
258,0.516000,6,3679.688,5.296
258,0.516000,7,3726.562,5.185
258,0.516000,8,3656.250,2.005
259,0.518000,1,3750.000,9.407
259,0.518000,2,3773.438,9.340
259,0.518000,3,3820.312,8.617
259,0.518000,4,3843.750,7.514
259,0.518000,5,3703.125,6.900
259,0.518000,6,3679.688,4.476
259,0.518000,7,3890.625,3.334
259,0.518000,8,3726.562,2.906
260,0.520000,1,3773.438,9.349
260,0.520000,2,3820.312,8.939
260,0.520000,3,3750.000,8.925
260,0.520000,4,3843.750,8.213
260,0.520000,5,3703.125,6.318
260,0.520000,6,3890.625,4.439
260,0.520000,7,3679.688,3.300
260,0.520000,8,3867.188,2.653
261,0.522000,1,3820.312,9.184
261,0.522000,2,3773.438,9.138
261,0.522000,3,3843.750,8.590
261,0.522000,4,3750.000,8.306
261,0.522000,5,3890.625,5.449
261,0.522000,6,3703.125,5.444
261,0.522000,7,3867.188,4.323
261,0.522000,8,3914.062,2.346
262,0.524000,1,3820.312,9.334
262,0.524000,2,3773.438,8.789
262,0.524000,3,3843.750,8.731
262,0.524000,4,3750.000,7.543
262,0.524000,5,3890.625,6.417
262,0.524000,6,3867.188,5.065
262,0.524000,7,3703.125,4.385
262,0.524000,8,3796.875,3.017
263,0.526000,1,3820.312,9.399
263,0.526000,2,3843.750,8.698
263,0.526000,3,3773.438,8.358
263,0.526000,4,3890.625,7.325
263,0.526000,5,3750.000,6.681
263,0.526000,6,3867.188,4.991
263,0.526000,7,3796.875,4.643
263,0.526000,8,3914.062,3.458
264,0.528000,1,3820.312,9.398
264,0.528000,2,3843.750,8.539
264,0.528000,3,3890.625,8.128
264,0.528000,4,3773.438,7.864
264,0.528000,5,3750.000,5.810
264,0.528000,6,3796.875,5.161
264,0.528000,7,3914.062,4.129
264,0.528000,8,3867.188,4.117
265,0.530000,1,3820.312,9.339
265,0.530000,2,3890.625,8.789
265,0.530000,3,3843.750,8.292
265,0.530000,4,3773.438,7.306
265,0.530000,5,3750.000,5.002
265,0.530000,6,3914.062,4.994
265,0.530000,7,3796.875,4.713
265,0.530000,8,3960.938,4.340
266,0.532000,1,3890.625,9.282
266,0.532000,2,3820.312,9.192
266,0.532000,3,3843.750,8.003
266,0.532000,4,3773.438,6.668
266,0.532000,5,3914.062,5.937
266,0.532000,6,3960.938,5.270
266,0.532000,7,3750.000,4.251
266,0.532000,8,3796.875,3.215
267,0.534000,1,3890.625,9.578
267,0.534000,2,3820.312,8.876
267,0.534000,3,3843.750,7.734
267,0.534000,4,3914.062,6.756
267,0.534000,5,3960.938,6.031
267,0.534000,6,3773.438,5.952
267,0.534000,7,3750.000,3.451
267,0.534000,8,3937.500,2.388
268,0.536000,1,3890.625,9.658
268,0.536000,2,3820.312,8.345
268,0.536000,3,3843.750,7.469
268,0.536000,4,3914.062,7.396
268,0.536000,5,3960.938,6.660
268,0.536000,6,3773.438,5.076
268,0.536000,7,3937.500,4.059
268,0.536000,8,3984.375,2.895
269,0.538000,1,3890.625,9.559
269,0.538000,2,3914.062,7.855
269,0.538000,3,3820.312,7.579
269,0.538000,4,3960.938,7.250
269,0.538000,5,3843.750,7.248
269,0.538000,6,3937.500,4.860
269,0.538000,7,3773.438,4.066
269,0.538000,8,3984.375,3.602
270,0.540000,1,3890.625,9.321
270,0.540000,2,3914.062,8.146
270,0.540000,3,3960.938,7.790
270,0.540000,4,3843.750,7.100
270,0.540000,5,3820.312,6.634
270,0.540000,6,3937.500,4.883
270,0.540000,7,3984.375,4.097
270,0.540000,8,4031.250,3.668
271,0.542000,1,3890.625,8.987
271,0.542000,2,3914.062,8.278
271,0.542000,3,3960.938,8.256
271,0.542000,4,3843.750,6.997
271,0.542000,5,3820.312,5.604
271,0.542000,6,4031.250,4.704
271,0.542000,7,3984.375,4.564
271,0.542000,8,3937.500,4.120
272,0.544000,1,3960.938,8.637
272,0.544000,2,3890.625,8.614
272,0.544000,3,3914.062,8.246
272,0.544000,4,3843.750,6.869
272,0.544000,5,4031.250,5.586
272,0.544000,6,3984.375,5.116
272,0.544000,7,3820.312,4.607
272,0.544000,8,3867.188,3.699
273,0.546000,1,3960.938,8.923
273,0.546000,2,3890.625,8.239
273,0.546000,3,3914.062,8.049
273,0.546000,4,3843.750,6.631
273,0.546000,5,4031.250,6.292
273,0.546000,6,3984.375,5.759
273,0.546000,7,3820.312,3.734
273,0.546000,8,3867.188,2.362
274,0.548000,1,3960.938,9.070
274,0.548000,2,3890.625,7.818
274,0.548000,3,3914.062,7.737
274,0.548000,4,4031.250,6.795
274,0.548000,5,3984.375,6.418
274,0.548000,6,3843.750,6.222
274,0.548000,7,3820.312,2.980
274,0.548000,8,4101.562,2.700
275,0.550000,1,3960.938,8.981
275,0.550000,2,3914.062,7.391
275,0.550000,3,3890.625,7.244
275,0.550000,4,3984.375,7.040
275,0.550000,5,4031.250,7.016
275,0.550000,6,3843.750,5.640
275,0.550000,7,4054.688,3.646
275,0.550000,8,4007.812,3.366
276,0.552000,1,3960.938,8.669
276,0.552000,2,3984.375,7.503
276,0.552000,3,3914.062,7.015
276,0.552000,4,4031.250,6.998
276,0.552000,5,3890.625,6.498
276,0.552000,6,3843.750,4.878
276,0.552000,7,4007.812,4.821
276,0.552000,8,4054.688,4.480
277,0.554000,1,3960.938,8.174
277,0.554000,2,3984.375,7.696
277,0.554000,3,4031.250,6.732
277,0.554000,4,3914.062,6.561
277,0.554000,5,4007.812,5.727
277,0.554000,6,3890.625,5.659
277,0.554000,7,4054.688,4.856
277,0.554000,8,3843.750,3.915
278,0.556000,1,3984.375,7.564
278,0.556000,2,3960.938,7.508
278,0.556000,3,4031.250,6.213
278,0.556000,4,4007.812,6.123
278,0.556000,5,3914.062,5.999
278,0.556000,6,4054.688,4.784
278,0.556000,7,3890.625,4.777
278,0.556000,8,3937.500,3.982
279,0.558000,1,3984.375,7.059
279,0.558000,2,3960.938,6.688
279,0.558000,3,4007.812,6.025
279,0.558000,4,4031.250,5.444
279,0.558000,5,3914.062,5.294
279,0.558000,6,3937.500,4.761
279,0.558000,7,4054.688,4.241
279,0.558000,8,3890.625,3.863
280,0.560000,1,3984.375,6.129
280,0.560000,2,3960.938,5.725
280,0.560000,3,4007.812,5.417
280,0.560000,4,3937.500,4.734
280,0.560000,5,4031.250,4.425
280,0.560000,6,3914.062,4.396
280,0.560000,7,4054.688,3.183
280,0.560000,8,3890.625,2.893
281,0.562000,1,3984.375,4.764
281,0.562000,2,3960.938,4.556
281,0.562000,3,4007.812,4.237
281,0.562000,4,3937.500,3.979
281,0.562000,5,3914.062,3.217
281,0.562000,6,4031.250,3.109
281,0.562000,7,3890.625,1.823
281,0.562000,8,4054.688,1.623
282,0.564000,1,3960.938,2.998
282,0.564000,2,3984.375,2.990
282,0.564000,3,3937.500,2.551
282,0.564000,4,4007.812,2.438
282,0.564000,5,3914.062,1.698
282,0.564000,6,4031.250,1.297
282,0.564000,7,3890.625,0.494
282,0.564000,8,4054.688,-0.381
283,0.566000,1,3960.938,0.838
283,0.566000,2,3984.375,0.699
283,0.566000,3,3937.500,0.495
283,0.566000,4,4007.812,0.030
283,0.566000,5,3914.062,-0.256
283,0.566000,6,4031.250,-1.213
283,0.566000,7,3890.625,-1.315
283,0.566000,8,3867.188,-2.573
284,0.568000,1,3960.938,-2.063
284,0.568000,2,3937.500,-2.255
284,0.568000,3,3984.375,-2.346
284,0.568000,4,3914.062,-2.857
284,0.568000,5,4007.812,-3.150
284,0.568000,6,3890.625,-3.765
284,0.568000,7,4031.250,-4.548
284,0.568000,8,3867.188,-4.911
285,0.570000,1,3937.500,-5.952
285,0.570000,2,3960.938,-5.962
285,0.570000,3,3914.062,-6.357
285,0.570000,4,3984.375,-6.443
285,0.570000,5,3890.625,-7.065
285,0.570000,6,4007.812,-7.417
285,0.570000,7,3867.188,-8.062
285,0.570000,8,4031.250,-9.014
286,0.572000,1,6070.312,-8.480
286,0.572000,2,6093.750,-8.547
286,0.572000,3,6046.875,-8.567
286,0.572000,4,6023.438,-8.736
286,0.572000,5,6117.188,-8.751
286,0.572000,6,6000.000,-9.035
286,0.572000,7,6140.625,-9.090
286,0.572000,8,5976.562,-9.450
287,0.574000,1,6093.750,-4.720
287,0.574000,2,6070.312,-4.758
287,0.574000,3,6117.188,-4.799
287,0.574000,4,6046.875,-4.915
287,0.574000,5,6140.625,-5.006
287,0.574000,6,6023.438,-5.155
287,0.574000,7,6164.062,-5.374
287,0.574000,8,6000.000,-5.501
288,0.576000,1,6117.188,-1.892
288,0.576000,2,6093.750,-1.900
288,0.576000,3,6140.625,-2.005
288,0.576000,4,6070.312,-2.011
288,0.576000,5,6046.875,-2.217
288,0.576000,6,6164.062,-2.260
288,0.576000,7,6023.438,-2.503
288,0.576000,8,6187.500,-2.647
289,0.578000,1,6117.188,0.270
289,0.578000,2,6140.625,0.227
289,0.578000,3,6093.750,0.200
289,0.578000,4,6164.062,0.060
289,0.578000,5,6070.312,0.029
289,0.578000,6,6046.875,-0.218
289,0.578000,7,6187.500,-0.239
289,0.578000,8,6023.438,-0.530
290,0.580000,1,6117.188,1.873
290,0.580000,2,6140.625,1.859
290,0.580000,3,6164.062,1.749
290,0.580000,4,6093.750,1.734
290,0.580000,5,6187.500,1.562
290,0.580000,6,6070.312,1.498
290,0.580000,7,6046.875,1.238
290,0.580000,8,6210.938,1.212
291,0.582000,1,6140.625,3.006
291,0.582000,2,6117.188,3.004
291,0.582000,3,6164.062,2.928
291,0.582000,4,6187.500,2.850
291,0.582000,5,6093.750,2.789
291,0.582000,6,6210.938,2.582
291,0.582000,7,6070.312,2.493
291,0.582000,8,6046.875,2.236
292,0.584000,1,6140.625,3.727
292,0.584000,2,6117.188,3.717
292,0.584000,3,6187.500,3.698
292,0.584000,4,6164.062,3.663
292,0.584000,5,6210.938,3.518
292,0.584000,6,6093.750,3.424
292,0.584000,7,6070.312,3.068
292,0.584000,8,6234.375,2.968
293,0.586000,1,6187.500,4.147
293,0.586000,2,6210.938,4.058
293,0.586000,3,6140.625,4.057
293,0.586000,4,6117.188,4.045
293,0.586000,5,6164.062,3.993
293,0.586000,6,6093.750,3.668
293,0.586000,7,6234.375,3.461
293,0.586000,8,6070.312,3.251
294,0.588000,1,6210.938,4.226
294,0.588000,2,6187.500,4.219
294,0.588000,3,6140.625,4.010
294,0.588000,4,6117.188,4.001
294,0.588000,5,6164.062,3.932
294,0.588000,6,6234.375,3.569
294,0.588000,7,6093.750,3.533
294,0.588000,8,6281.250,3.293
295,0.590000,1,6210.938,4.028
295,0.590000,2,6187.500,3.917
295,0.590000,3,6140.625,3.586
295,0.590000,4,6117.188,3.583
295,0.590000,5,6164.062,3.479
295,0.590000,6,6234.375,3.299
295,0.590000,7,6304.688,3.264
295,0.590000,8,6281.250,3.157
296,0.592000,1,6210.938,3.455
296,0.592000,2,6187.500,3.228
296,0.592000,3,6304.688,2.940
296,0.592000,4,6117.188,2.773
296,0.592000,5,6140.625,2.764
296,0.592000,6,6234.375,2.639
296,0.592000,7,6281.250,2.638
296,0.592000,8,6164.062,2.610
297,0.594000,1,6679.688,3.252
297,0.594000,2,6773.438,3.182
297,0.594000,3,6750.000,3.121
297,0.594000,4,6210.938,2.487
297,0.594000,5,6703.125,2.437
297,0.594000,6,6304.688,2.252
297,0.594000,7,6585.938,2.140
297,0.594000,8,6187.500,2.120
298,0.596000,1,6773.438,4.349
298,0.596000,2,6750.000,4.287
298,0.596000,3,6679.688,4.125
298,0.596000,4,6703.125,3.604
298,0.596000,5,6726.562,3.362
298,0.596000,6,6796.875,3.328
298,0.596000,7,6656.250,2.906
298,0.596000,8,6820.312,2.713
299,0.598000,1,6773.438,5.099
299,0.598000,2,6750.000,5.038
299,0.598000,3,6679.688,4.607
299,0.598000,4,6703.125,4.339
299,0.598000,5,6796.875,4.299
299,0.598000,6,6726.562,4.286
299,0.598000,7,6820.312,3.738
299,0.598000,8,6656.250,3.454
300,0.600000,1,6773.438,5.463
300,0.600000,2,6750.000,5.406
300,0.600000,3,6796.875,4.855
300,0.600000,4,6726.562,4.793
300,0.600000,5,6679.688,4.720
300,0.600000,6,6703.125,4.673
300,0.600000,7,6820.312,4.346
300,0.600000,8,6843.750,3.981
301,0.602000,1,6773.438,5.455
301,0.602000,2,6750.000,5.405
301,0.602000,3,6796.875,5.021
301,0.602000,4,6726.562,4.906
301,0.602000,5,6703.125,4.619
301,0.602000,6,6820.312,4.565
301,0.602000,7,6679.688,4.472
301,0.602000,8,6843.750,4.135
302,0.604000,1,6773.438,5.077
302,0.604000,2,6750.000,5.034
302,0.604000,3,6796.875,4.803
302,0.604000,4,6726.562,4.633
302,0.604000,5,6820.312,4.405
302,0.604000,6,6703.125,4.173
302,0.604000,7,6843.750,3.915
302,0.604000,8,6679.688,3.854
303,0.606000,1,6773.438,4.312
303,0.606000,2,6750.000,4.276
303,0.606000,3,6796.875,4.191
303,0.606000,4,6726.562,3.961
303,0.606000,5,6820.312,3.859
303,0.606000,6,6843.750,3.314
303,0.606000,7,6703.125,3.312
303,0.606000,8,6679.688,2.844
304,0.608000,1,6281.250,3.892
304,0.608000,2,6328.125,3.330
304,0.608000,3,6304.688,3.324
304,0.608000,4,6796.875,3.157
304,0.608000,5,6773.438,3.125
304,0.608000,6,6750.000,3.099
304,0.608000,7,6820.312,2.901
304,0.608000,8,6726.562,2.857
305,0.610000,1,6281.250,5.969
305,0.610000,2,6304.688,5.520
305,0.610000,3,6328.125,5.212
305,0.610000,4,6257.812,4.730
305,0.610000,5,6351.562,4.064
305,0.610000,6,6234.375,3.571
305,0.610000,7,6796.875,1.628
305,0.610000,8,6820.312,1.512
306,0.612000,1,6281.250,7.518
306,0.612000,2,6304.688,7.118
306,0.612000,3,6328.125,6.599
306,0.612000,4,6257.812,6.479
306,0.612000,5,6351.562,5.368
306,0.612000,6,6234.375,5.170
306,0.612000,7,6375.000,2.717
306,0.612000,8,6210.938,2.509
307,0.614000,1,6281.250,8.577
307,0.614000,2,6304.688,8.328
307,0.614000,3,6257.812,7.701
307,0.614000,4,6328.125,7.488
307,0.614000,5,6234.375,6.390
307,0.614000,6,6351.562,6.206
307,0.614000,7,6375.000,4.084
307,0.614000,8,6210.938,3.870
308,0.616000,1,6304.688,9.178
308,0.616000,2,6281.250,9.130
308,0.616000,3,6257.812,8.569
308,0.616000,4,6328.125,8.036
308,0.616000,5,6234.375,7.201
308,0.616000,6,6351.562,6.453
308,0.616000,7,6375.000,5.290
308,0.616000,8,6210.938,4.701
309,0.618000,1,6304.688,9.667
309,0.618000,2,6281.250,9.201
309,0.618000,3,6257.812,9.146
309,0.618000,4,6328.125,8.336
309,0.618000,5,6234.375,7.581
309,0.618000,6,6375.000,6.354
309,0.618000,7,6351.562,6.048
309,0.618000,8,6210.938,5.119
310,0.620000,1,6304.688,9.814
310,0.620000,2,6257.812,9.441
310,0.620000,3,6281.250,8.796
310,0.620000,4,6328.125,8.438
310,0.620000,5,6234.375,7.552
310,0.620000,6,6375.000,7.235
310,0.620000,7,6210.938,5.148
310,0.620000,8,6351.562,4.927
311,0.622000,1,6304.688,9.630
311,0.622000,2,6257.812,9.453
311,0.622000,3,6328.125,8.401
311,0.622000,4,6375.000,7.927
311,0.622000,5,6281.250,7.894
311,0.622000,6,6234.375,7.131
311,0.622000,7,6210.938,4.784
311,0.622000,8,6445.312,4.693
312,0.624000,1,6257.812,9.201
312,0.624000,2,6304.688,9.150
312,0.624000,3,6375.000,8.440
312,0.624000,4,6328.125,8.244
312,0.624000,5,6281.250,6.397
312,0.624000,6,6234.375,6.297
312,0.624000,7,6445.312,6.088
312,0.624000,8,6421.875,4.386
313,0.626000,1,6375.000,8.743
313,0.626000,2,6257.812,8.685
313,0.626000,3,6304.688,8.393
313,0.626000,4,6328.125,8.009
313,0.626000,5,6445.312,7.142
313,0.626000,6,6421.875,5.859
313,0.626000,7,6398.438,5.395
313,0.626000,8,6492.188,5.246
314,0.628000,1,6375.000,8.880
314,0.628000,2,6445.312,7.944
314,0.628000,3,6257.812,7.885
314,0.628000,4,6328.125,7.681
314,0.628000,5,6304.688,7.429
314,0.628000,6,6421.875,6.946
314,0.628000,7,6398.438,6.919
314,0.628000,8,6492.188,5.819
315,0.630000,1,6375.000,8.794
315,0.630000,2,6445.312,8.476
315,0.630000,3,6398.438,8.061
315,0.630000,4,6421.875,7.558
315,0.630000,5,6328.125,7.357
315,0.630000,6,6257.812,6.853
315,0.630000,7,6468.750,6.498
315,0.630000,8,6304.688,6.270
316,0.632000,1,6398.438,8.888
316,0.632000,2,6445.312,8.724
316,0.632000,3,6375.000,8.440
316,0.632000,4,6421.875,7.666
316,0.632000,5,6468.750,7.150
316,0.632000,6,6328.125,7.093
316,0.632000,7,6515.625,6.111
316,0.632000,8,6257.812,5.645
317,0.634000,1,6398.438,9.401
317,0.634000,2,6445.312,8.705
317,0.634000,3,6375.000,7.836
317,0.634000,4,6468.750,7.549
317,0.634000,5,6421.875,7.252
317,0.634000,6,6328.125,6.847
317,0.634000,7,6515.625,6.806
317,0.634000,8,6257.812,4.319
318,0.636000,1,6398.438,9.594
318,0.636000,2,6445.312,8.449
318,0.636000,3,6468.750,7.747
318,0.636000,4,6515.625,7.345
318,0.636000,5,6375.000,7.033
318,0.636000,6,6328.125,6.552
318,0.636000,7,6421.875,6.283
318,0.636000,8,6585.938,5.177
319,0.638000,1,6398.438,9.472
319,0.638000,2,6445.312,8.021
319,0.638000,3,6468.750,7.779
319,0.638000,4,6515.625,7.725
319,0.638000,5,6328.125,6.161
319,0.638000,6,6585.938,6.143
319,0.638000,7,6375.000,6.091
319,0.638000,8,6421.875,4.677
320,0.640000,1,6398.438,9.094
320,0.640000,2,6515.625,7.978
320,0.640000,3,6468.750,7.684
320,0.640000,4,6445.312,7.494
320,0.640000,5,6585.938,6.883
320,0.640000,6,6328.125,5.669
320,0.640000,7,6375.000,4.997
320,0.640000,8,6562.500,4.853
321,0.642000,1,6398.438,8.542
321,0.642000,2,6515.625,8.039
321,0.642000,3,6468.750,7.555
321,0.642000,4,6585.938,7.356
321,0.642000,5,6445.312,6.825
321,0.642000,6,6562.500,5.682
321,0.642000,7,6632.812,5.190
321,0.642000,8,6328.125,5.083
322,0.644000,1,6398.438,7.854
322,0.644000,2,6515.625,7.816
322,0.644000,3,6468.750,7.461
322,0.644000,4,6585.938,7.445
322,0.644000,5,6562.500,6.289
322,0.644000,6,6539.062,6.149
322,0.644000,7,6445.312,6.016
322,0.644000,8,6609.375,5.405
323,0.646000,1,6468.750,7.342
323,0.646000,2,6539.062,7.284
323,0.646000,3,6515.625,7.224
323,0.646000,4,6585.938,7.070
323,0.646000,5,6398.438,6.970
323,0.646000,6,6562.500,6.645
323,0.646000,7,6609.375,6.584
323,0.646000,8,6656.250,5.585
324,0.648000,1,6539.062,8.034
324,0.648000,2,6609.375,7.447
324,0.648000,3,6468.750,7.134
324,0.648000,4,6562.500,6.715
324,0.648000,5,6585.938,6.220
324,0.648000,6,6515.625,6.218
324,0.648000,7,6398.438,5.902
324,0.648000,8,6656.250,5.660
325,0.650000,1,6539.062,8.408
325,0.650000,2,6609.375,8.003
325,0.650000,3,6468.750,6.792
325,0.650000,4,6562.500,6.533
325,0.650000,5,6492.188,6.008
325,0.650000,6,6656.250,5.611
325,0.650000,7,6726.562,5.556
325,0.650000,8,6679.688,5.387
326,0.652000,1,6539.062,8.438
326,0.652000,2,6609.375,8.263
326,0.652000,3,6492.188,6.399
326,0.652000,4,6468.750,6.317
326,0.652000,5,6562.500,6.187
326,0.652000,6,6726.562,6.087
326,0.652000,7,6679.688,5.760
326,0.652000,8,6656.250,5.550
327,0.654000,1,6609.375,8.268
327,0.654000,2,6539.062,8.217
327,0.654000,3,6726.562,6.439
327,0.654000,4,6492.188,6.339
327,0.654000,5,6679.688,6.030
327,0.654000,6,6562.500,5.754
327,0.654000,7,6468.750,5.747
327,0.654000,8,6656.250,5.567
328,0.656000,1,6609.375,8.107
328,0.656000,2,6539.062,7.854
328,0.656000,3,6726.562,6.560
328,0.656000,4,6679.688,6.237
328,0.656000,5,6492.188,5.937
328,0.656000,6,6656.250,5.577
328,0.656000,7,6796.875,5.449
328,0.656000,8,6562.500,5.315
329,0.658000,1,6609.375,7.752
329,0.658000,2,6539.062,7.325
329,0.658000,3,6726.562,6.467
329,0.658000,4,6679.688,6.311
329,0.658000,5,6656.250,5.594
329,0.658000,6,6796.875,5.536
329,0.658000,7,6492.188,5.332
329,0.658000,8,6750.000,5.094
330,0.660000,1,6609.375,7.212
330,0.660000,2,6539.062,6.611
330,0.660000,3,6679.688,6.218
330,0.660000,4,6726.562,6.154
330,0.660000,5,6656.250,5.550
330,0.660000,6,6750.000,5.408
330,0.660000,7,6796.875,5.344
330,0.660000,8,6562.500,4.903
331,0.662000,1,6609.375,6.508
331,0.662000,2,6679.688,5.908
331,0.662000,3,6539.062,5.746
331,0.662000,4,6726.562,5.626
331,0.662000,5,6656.250,5.390
331,0.662000,6,6750.000,5.323
331,0.662000,7,6796.875,4.870
331,0.662000,8,6562.500,4.821
332,0.664000,1,6609.375,5.668
332,0.664000,2,6679.688,5.344
332,0.664000,3,6656.250,5.049
332,0.664000,4,6632.812,4.911
332,0.664000,5,6726.562,4.887
332,0.664000,6,6750.000,4.810
332,0.664000,7,6539.062,4.756
332,0.664000,8,6562.500,4.635
333,0.666000,1,6609.375,4.733
333,0.666000,2,6632.812,4.679
333,0.666000,3,6679.688,4.487
333,0.666000,4,6656.250,4.472
333,0.666000,5,6562.500,4.197
333,0.666000,6,6703.125,4.144
333,0.666000,7,6585.938,3.975
333,0.666000,8,6726.562,3.940
334,0.668000,1,6632.812,3.796
334,0.668000,2,6609.375,3.682
334,0.668000,3,6656.250,3.572
334,0.668000,4,6585.938,3.446
334,0.668000,5,6562.500,3.338
334,0.668000,6,6679.688,3.310
334,0.668000,7,6703.125,3.033
334,0.668000,8,6726.562,2.696
335,0.670000,1,6609.375,2.391
335,0.670000,2,6632.812,2.366
335,0.670000,3,6585.938,2.310
335,0.670000,4,6656.250,2.163
335,0.670000,5,6562.500,2.012
335,0.670000,6,6679.688,1.781
335,0.670000,7,6539.062,1.368
335,0.670000,8,6703.125,1.342
336,0.672000,1,6609.375,0.614
336,0.672000,2,6585.938,0.555
336,0.672000,3,6632.812,0.467
336,0.672000,4,6562.500,0.269
336,0.672000,5,6656.250,0.152
336,0.672000,6,6539.062,-0.246
336,0.672000,7,6679.688,-0.326
336,0.672000,8,6703.125,-0.908
337,0.674000,1,6585.938,-1.816
337,0.674000,2,6609.375,-1.831
337,0.674000,3,6562.500,-2.035
337,0.674000,4,6632.812,-2.081
337,0.674000,5,6539.062,-2.466
337,0.674000,6,6656.250,-2.523
337,0.674000,7,6515.625,-3.132
337,0.674000,8,6679.688,-3.179
338,0.676000,1,6585.938,-4.993
338,0.676000,2,6609.375,-5.116
338,0.676000,3,6562.500,-5.120
338,0.676000,4,6539.062,-5.440
338,0.676000,5,6632.812,-5.522
338,0.676000,6,6515.625,-6.022
338,0.676000,7,6656.250,-6.134
338,0.676000,8,6492.188,-6.736
339,0.678000,1,8507.812,-7.935
339,0.678000,2,8484.375,-7.948
339,0.678000,3,8531.250,-7.987
339,0.678000,4,8460.938,-8.082
339,0.678000,5,8554.688,-8.160
339,0.678000,6,8437.500,-8.273
339,0.678000,7,8578.125,-8.414
339,0.678000,8,8414.062,-8.549
340,0.680000,1,8531.250,-4.787
340,0.680000,2,8507.812,-4.790
340,0.680000,3,8484.375,-4.871
340,0.680000,4,8554.688,-4.891
340,0.680000,5,8460.938,-5.052
340,0.680000,6,8578.125,-5.080
340,0.680000,7,8437.500,-5.296
340,0.680000,8,8601.562,-5.340
341,0.682000,1,8531.250,-2.405
341,0.682000,2,8507.812,-2.451
341,0.682000,3,8554.688,-2.461
341,0.682000,4,8484.375,-2.582
341,0.682000,5,8578.125,-2.604
341,0.682000,6,8460.938,-2.800
341,0.682000,7,8601.562,-2.819
341,0.682000,8,8437.500,-3.082
342,0.684000,1,8531.250,-0.648
342,0.684000,2,8554.688,-0.668
342,0.684000,3,8507.812,-0.720
342,0.684000,4,8578.125,-0.765
342,0.684000,5,8484.375,-0.894
342,0.684000,6,8601.562,-0.945
342,0.684000,7,8460.938,-1.150
342,0.684000,8,8625.000,-1.183
343,0.686000,1,8554.688,0.605
343,0.686000,2,8531.250,0.604
343,0.686000,3,8578.125,0.556
343,0.686000,4,8507.812,0.514
343,0.686000,5,8601.562,0.410
343,0.686000,6,8484.375,0.295
343,0.686000,7,8625.000,0.179
343,0.686000,8,8460.938,0.005
344,0.688000,1,8554.688,1.432
344,0.688000,2,8578.125,1.431
344,0.688000,3,8531.250,1.418
344,0.688000,4,8601.562,1.321
344,0.688000,5,8507.812,1.315
344,0.688000,6,8625.000,1.085
344,0.688000,7,8484.375,1.051
344,0.688000,8,8789.062,0.951
345,0.690000,1,8578.125,1.904
345,0.690000,2,8554.688,1.855
345,0.690000,3,8531.250,1.833
345,0.690000,4,8601.562,1.831
345,0.690000,5,8859.375,1.750
345,0.690000,6,8507.812,1.722
345,0.690000,7,8789.062,1.663
345,0.690000,8,8765.625,1.614
346,0.692000,1,8859.375,2.185
346,0.692000,2,8578.125,1.994
346,0.692000,3,8789.062,1.991
346,0.692000,4,8601.562,1.962
346,0.692000,5,8765.625,1.925
346,0.692000,6,8882.812,1.898
346,0.692000,7,8554.688,1.895
346,0.692000,8,8531.250,1.866
347,0.694000,1,8859.375,2.251
347,0.694000,2,8882.812,1.987
347,0.694000,3,8789.062,1.950
347,0.694000,4,8765.625,1.864
347,0.694000,5,8835.938,1.724
347,0.694000,6,8601.562,1.719
347,0.694000,7,8578.125,1.706
347,0.694000,8,8812.500,1.570
348,0.696000,1,8859.375,1.950
348,0.696000,2,8882.812,1.715
348,0.696000,3,8789.062,1.537
348,0.696000,4,8765.625,1.429
348,0.696000,5,8953.125,1.348
348,0.696000,6,8835.938,1.228
348,0.696000,7,8601.562,1.093
348,0.696000,8,8578.125,1.028
349,0.698000,1,8859.375,1.268
349,0.698000,2,9351.562,1.141
349,0.698000,3,8882.812,1.070
349,0.698000,4,8953.125,0.871
349,0.698000,5,9445.312,0.832
349,0.698000,6,8789.062,0.739
349,0.698000,7,8976.562,0.620
349,0.698000,8,8765.625,0.600
350,0.700000,1,9351.562,2.093
350,0.700000,2,9445.312,1.988
350,0.700000,3,9421.875,1.412
350,0.700000,4,9539.062,1.230
350,0.700000,5,9257.812,1.145
350,0.700000,6,9468.750,1.071
350,0.700000,7,9515.625,1.069
350,0.700000,8,9375.000,1.057
351,0.702000,1,9445.312,2.737
351,0.702000,2,9351.562,2.669
351,0.702000,3,9421.875,2.234
351,0.702000,4,9539.062,2.196
351,0.702000,5,9515.625,2.050
351,0.702000,6,9468.750,2.024
351,0.702000,7,9375.000,1.906
351,0.702000,8,9609.375,1.792
352,0.704000,1,9445.312,3.108
352,0.704000,2,9351.562,2.888
352,0.704000,3,9539.062,2.761
352,0.704000,4,9421.875,2.671
352,0.704000,5,9515.625,2.626
352,0.704000,6,9468.750,2.560
352,0.704000,7,9609.375,2.506
352,0.704000,8,9632.812,2.412
353,0.706000,1,9445.312,3.116
353,0.706000,2,9539.062,2.949
353,0.706000,3,9609.375,2.836
353,0.706000,4,9515.625,2.823
353,0.706000,5,9632.812,2.770
353,0.706000,6,9351.562,2.759
353,0.706000,7,9421.875,2.738
353,0.706000,8,9468.750,2.706
